Workbook
Name AA: #REF!
Name AAA: #REF!
Name ACTUAL: #REF!
Name AL: #REF!
Name ALAN: #REF!
Name ALEX: #REF!
Name ALEXA: #REF!
Name ALLAN: #REF!
Name ALMA: #REF!
Name AMA: #REF!
Name AMB: #REF!
Name AMBAR: #REF!
Name AMBRE: #REF!
Name ANA: #REF!
Name AP: #REF!
Name AX: #REF!
Name AXA: #REF!
Name AXE: #REF!
Name BA: #REF!
Name BASE: #REF!
Name BB: #REF!
Name BEN: #REF!
Name BENEF: #REF!
Name CASA: #REF!
Name CAT: #REF!
Name CATA: #REF!
Name CC: #REF!
Name color: #REF!
Name DA: #REF!
Name DAM: #REF!
Name DAMO: #REF!
Name DAT: #REF!
Name DATA: #REF!
Name DATAS: #REF!
Name DATIS: #REF!
Name DATOS: #REF!
Name DATOS1: #REF!
Name DD: #REF!
Name DEY: #REF!
Name DICE: #REF!
Name DUAL: #REF!
Name EDI: #REF!
Name FAM: #REF!
Name HERI: #REF!
Name HOLA: #REF!
Name HOLAS: #REF!
Name HOLIS: #REF!
Name INF: #REF!
Name LALO: #REF!
Name LECHE: #REF!
Name LECHERIA: #REF!
Name libreta: #REF!
Name MAMA: #REF!
Name MAR: #REF!
Name MARBE: #REF!
Name MARBELLA: #REF!
Name MARIO: #REF!
Name MARTE: #REF!
Name MARY: #REF!
Name MAY: #REF!

Sheet POR ALMACEN
B1: LECHE PARA EL BIENESTAR, S.A. DE C.V.
B2: GERENCIA ESTATAL OAXACA
B3: DEPARTAMENTO DE DISTRIBUCION Y TRANSPORTACION
B4: REQUERIMIENTO DE LECHE EN POLVO CORRESPONDIENTE AL MES DE MARZO DEL 2026
B5: LECHERIAS INCORPORADAS AL CONVENIO LECHE PARA EL BIENESTAR-ALIMENTACION PARA EL BIENESTAR
L6: PADRON DE BENEFICIARIOS. AL CIERRE DEL MES DE ENERO DEL 2026
B7: LECHERÍA | C7: TIENDA | E7: PADRÓN | G7: DOT. | H7: PROGRAMADO | I7: EXIST. | J7: EXISTENCIA | L7: PROGRAMADO | M7: EXIST.ESTIMADA | N7: % AJUSTE | P7: SOBRANTE | Q7: CAJAS | R7: GUIA DE DISTRIB.
B8: NÚM. | C8: No. | D8: L O C A L I D A D | E8: FAM. | F8: BENEF. | G8: MEN. | H8: ENERO | I8: EN | J8: CAJ. | K8: SOB. | L8: FEBRERO | M8: INICIO | N8: DOT. TEORICA | P8: ESTIM. P/ | Q8: SOLIC. X | R8: MARZO
G9: TEORICA | I9: ALMACEN | N9: % | O9: CAJAS | Q9: SUPERV.
B10: ::
C11: ALMACEN RURAL : CHALCATONGO
B12: LECHERIA | C12: num
B14: 120510 | C14: 11 | D14: SANTA CRUZ ITUNDUJIA | E14: 243 | F14: 351 | G14: =F14*0.666*24/72 -> 77.922 | H14: 55 | I14: 0 | J14: 0 | K14: 0 | L14: 55 | M14: 0 | O14: =ROUND((+G14*N14)/100,0) -> 0 | P14: =IF(M14>O14,+M14-O14,0) -> 0 | Q14: 60 | R14: =Q14 -> 60
B15: 377102 | C15: 18 | D15: HIDALGO | E15: 133 | F15: 175 | G15: =F15*0.666*24/72 -> 38.85 | H15: 25 | I15: 0 | J15: 0 | K15: 0 | L15: 20 | M15: 0 | O15: =ROUND((+G15*N15)/100,0) -> 0 | P15: =IF(M15>O15,+M15-O15,0) -> 0 | Q15: 23 | R15: =Q15 -> 23
B16: 377105 | C16: 33 | D16: INDEPENDENCIA | E16: 99 | F16: 126 | G16: =F16*0.666*24/72 -> 27.972 | H16: 10 | I16: 0 | J16: 0 | K16: 0 | L16: 10 | M16: 0 | O16: =ROUND((+G16*N16)/100,0) -> 0 | P16: =IF(M16>O16,+M16-O16,0) -> 0 | Q16: 10 | R16: =Q16 -> 10
B17: 377107 | C17: 26 | D17: GUERRERO | E17: 143 | F17: 176 | G17: =F17*0.666*24/72 -> 39.072 | H17: 20 | I17: 0 | J17: 0 | K17: 0 | L17: 20 | M17: 0 | O17: =ROUND((+G17*N17)/100,0) -> 0 | P17: =IF(M17>O17,+M17-O17,0) -> 0 | Q17: 20 | R17: =Q17 -> 20
B18: 377112 | C18: 31 | D18: BUENA VISTA DE JUAREZ | E18: 83 | F18: 124 | G18: =F18*0.666*24/72 -> 27.528 | H18: 10 | I18: 0 | J18: 0 | K18: 0 | L18: 9 | M18: 0 | O18: =ROUND((+G18*N18)/100,0) -> 0 | P18: =IF(M18>O18,+M18-O18,0) -> 0 | Q18: 9 | R18: =Q18 -> 9
B19: 382103 | C19: 42 | D19: SANTA CRUZ TACAHUA | E19: 62 | F19: 71 | G19: =F19*0.666*24/72 -> 15.762 | H19: 10 | I19: 0 | J19: 0 | K19: 0 | L19: 3 | M19: 0 | O19: =ROUND((+G19*N19)/100,0) -> 0 | P19: =IF(M19>O19,+M19-O19,0) -> 0 | Q19: 9 | R19: =Q19 -> 9
B20: 392101 | C20: 14 | D20: SANTA LUCIA MONTEVERDE | E20: 90 | F20: 101 | G20: =F20*0.666*24/72 -> 22.422 | H20: 12 | I20: 0 | J20: 0 | K20: 0 | L20: 12 | M20: 0 | O20: =ROUND((+G20*N20)/100,0) -> 0 | P20: =IF(M20>O20,+M20-O20,0) -> 0 | Q20: 12 | R20: =Q20 -> 12
B21: 392102 | C21: 24 | D21: YUTECOSO CUAUHTEMOC | E21: 62 | F21: 77 | G21: =F21*0.666*24/72 -> 17.094 | H21: 4 | I21: 0 | J21: 0 | K21: 0 | L21: 4 | M21: 0 | O21: =ROUND((+G21*N21)/100,0) -> 0 | P21: =IF(M21>O21,+M21-O21,0) -> 0 | Q21: 4 | R21: =Q21 -> 4
B22: 392110 | C22: 47 | D22: SANTA MARIA OCOTLAN | E22: 103 | F22: 139 | G22: =F22*0.666*24/72 -> 30.858 | H22: 10 | I22: 0 | J22: 0 | K22: 0 | L22: 10 | M22: 0 | O22: =ROUND((+G22*N22)/100,0) -> 0 | P22: =IF(M22>O22,+M22-O22,0) -> 0 | Q22: 10 | R22: =Q22 -> 10
B23: 450101 | C23: 66 | D23: SANTIAGO AMOLTEPEC | E23: 177 | F23: 323 | G23: =F23*0.666*24/72 -> 71.706 | H23: 35 | I23: 0 | J23: 0 | K23: 0 | L23: 0 | M23: 0 | O23: =ROUND((+G23*N23)/100,0) -> 0 | P23: =IF(M23>O23,+M23-O23,0) -> 0 | Q23: 0 | R23: =Q23 -> 0
B24: 500102 | C24: 27 | D24: SANTIAGO YOSONDUA | E24: 249 | F24: 404 | G24: =F24*0.666*24/72 -> 89.688 | H24: 40 | I24: 0 | J24: 0 | K24: 0 | L24: 40 | M24: 0 | O24: =ROUND((+G24*N24)/100,0) -> 0 | P24: =IF(M24>O24,+M24-O24,0) -> 0 | Q24: 4 | R24: =Q24 -> 4
B25: 500103 | C25: 25 | D25: YOLOTEPEC DE LA PAZ | E25: 104 | F25: 138 | G25: =F25*0.666*24/72 -> 30.636 | H25: 7 | I25: 0 | J25: 0 | K25: 0 | L25: 6 | M25: 0 | O25: =ROUND((+G25*N25)/100,0) -> 0 | P25: =IF(M25>O25,+M25-O25,0) -> 0 | Q25: 6 | R25: =Q25 -> 6
B26: 500104 | C26: 41 | D26: SANTA CATARINA CUANANA | E26: 134 | F26: 201 | G26: =F26*0.666*24/72 -> 44.622 | H26: 23 | I26: 0 | J26: 0 | K26: 0 | L26: 22 | M26: 0 | O26: =ROUND((+G26*N26)/100,0) -> 0 | P26: =IF(M26>O26,+M26-O26,0) -> 0 | Q26: 22 | R26: =Q26 -> 22
B28: T O T A L | D28: =COUNTA(B14:B26) -> 13 | E28: =SUM(E14:E26) -> 1682 | F28: =SUM(F14:F26) -> 2406 | G28: =SUM(G14:G26) -> 534.132 | H28: =SUM(H14:H26) -> 261 | I28: =SUM(I14:I26) -> 0 | J28: =SUM(J14:J26) -> 0 | K28: =SUM(K14:K26) -> 0 | L28: =SUM(L14:L26) -> 211 | ... R28: =SUM(R14:R26) -> 189
B29: OBSERVACIONES: DE LAS CAJAS DE LECHE QUE SE ENCUENTRAN EN EL ALMACEN ENVIAR: 39 CAJAS PARA EL P.V. 2050010200
Q30: TOTAL A RECIBIR EN ALMACEN: | R30: =R28+R29 -> 189
B33: ::
C34: ALMACEN RURAL : COIXTLAHUACA
B37: 18101 | C37: 4 | D37: CONCEPCION BUENA VISTA | E37: 70 | F37: 140 | G37: =F37*0.666*24/72 -> 31.08 | H37: 18 | I37: 0 | J37: 0 | K37: 0 | L37: 15 | M37: 0 | O37: =ROUND((+G37*N37)/100,0) -> 0 | P37: =IF(M37>O37,+M37-O37,0) -> 0 | Q37: 20 | R37: =Q37 -> 20
B38: 151101 | C38: 6 | D38: SAN FRANCISCO TEOPAN | E38: 36 | F38: 52 | G38: =F38*0.666*24/72 -> 11.544 | H38: 8 | I38: 0 | J38: 0 | K38: 0 | L38: 8 | M38: 0 | O38: =ROUND((+G38*N38)/100,0) -> 0 | P38: =IF(M38>O38,+M38-O38,0) -> 0 | Q38: 8 | R38: =Q38 -> 8
B39: 176102 | C39: 9 | D39: SN, JUAN BAUTISTA COIXTLAHUACA | E39: 203 | F39: 300 | G39: =F39*0.666*24/72 -> 66.6 | H39: 51 | I39: 0 | J39: 0 | K39: 0 | L39: 52 | M39: 0 | O39: =ROUND((+G39*N39)/100,0) -> 0 | P39: =IF(M39>O39,+M39-O39,0) -> 0 | Q39: 53 | R39: =Q39 -> 53
B40: 176103 | C40: 23 | D40: LA ESTANCIA COIXTLAHUACA | E40: 60 | F40: 95 | G40: =F40*0.666*24/72 -> 21.09 | H40: 22 | I40: 0 | J40: 0 | K40: 0 | L40: 21 | M40: 0 | O40: =ROUND((+G40*N40)/100,0) -> 0 | P40: =IF(M40>O40,+M40-O40,0) -> 0 | Q40: 14 | R40: =Q40 -> 14
B41: 270102 | C41: 17 | D41: SAN MIGUEL HUAUTLA | E41: 55 | F41: 72 | G41: =F41*0.666*24/72 -> 15.984 | H41: 7 | I41: 0 | J41: 0 | K41: 0 | L41: 12 | M41: 0 | O41: =ROUND((+G41*N41)/100,0) -> 0 | P41: =IF(M41>O41,+M41-O41,0) -> 0 | Q41: 5 | R41: =Q41 -> 5
B42: 321101 | C42: 15 | D42: SAN PEDRO NOPALA | E42: 67 | F42: 101 | G42: =F42*0.666*24/72 -> 22.422 | H42: 15 | I42: 0 | J42: 0 | K42: 0 | L42: 16 | M42: 0 | O42: =ROUND((+G42*N42)/100,0) -> 0 | P42: =IF(M42>O42,+M42-O42,0) -> 0 | Q42: 15 | R42: =Q42 -> 15
B43: 416101 | C43: 12 | D43: SANTA MARIA IXCATLAN | E43: 47 | F43: 60 | G43: =F43*0.666*24/72 -> 13.32 | H43: 13 | I43: 0 | J43: 0 | K43: 0 | L43: 13 | M43: 0 | O43: =ROUND((+G43*N43)/100,0) -> 0 | P43: =IF(M43>O43,+M43-O43,0) -> 0 | Q43: 11 | R43: =Q43 -> 11
B44: 451101 | C44: 16 | D44: SANTIAGO APOALA | E44: 40 | F44: 51 | G44: =F44*0.666*24/72 -> 11.322 | H44: 3 | I44: 0 | J44: 0 | K44: 0 | L44: 8 | M44: 0 | O44: =ROUND((+G44*N44)/100,0) -> 0 | P44: =IF(M44>O44,+M44-O44,0) -> 0 | Q44: 3 | R44: =Q44 -> 3
B45: 464101 | C45: 5 | D45: SANTIAGO IHUITLAN PLUMAS | E45: 94 | F45: 159 | G45: =F45*0.666*24/72 -> 35.298 | H45: 27 | I45: 0 | J45: 0 | K45: 0 | L45: 21 | M45: 0 | O45: =ROUND((+G45*N45)/100,0) -> 0 | P45: 0 | Q45: 21 | R45: =Q45 -> 21
B47: T O T A L | D47: =COUNTA(B37:B45) -> 9 | E47: =SUM(E37:E45) -> 672 | F47: =SUM(F37:F45) -> 1030 | G47: =SUM(G37:G45) -> 228.66 | H47: =SUM(H37:H45) -> 164 | I47: =SUM(I37:I45) -> 0 | J47: =SUM(J37:J45) -> 0 | K47: =SUM(K37:K45) -> 0 | L47: =SUM(L37:L45) -> 166 | ... R47: =SUM(R37:R45) -> 150
B48: OBSERVACIONES: DE LAS CAJAS DE LECHE QUE SE ENCUENTRAN EN EL ALMACEN ENVIAR: 07 CAJAS PARA EL P.V. 2017610300
Q49: TOTAL A RECIBIR EN ALMACEN: | R49: =R47+R48 -> 150
B52: ::
C53: ALMACEN RURAL : CONSTANCIA DEL ROSARIO
B56: 37101 | C56: 19 | D56: MESONES HGO. | E56: 69 | F56: 142 | G56: =F56*0.666*24/72 -> 31.524 | H56: 0 | I56: 0 | J56: 0 | K56: 0 | L56: 21 | M56: 0 | O56: =ROUND((+G56*N56)/100,0) -> 0 | P56: =IF(M56>O56,+M56-O56,0) -> 0 | Q56: 21 | R56: =+Q56 -> 21
B57: 120477 | C57: 3 | D57: CONSTANCIA DEL ROSARIO | E57: 224 | F57: 442 | G57: =F57*0.666*24/72 -> 98.124 | H57: 70 | I57: 0 | J57: 0 | K57: 0 | L57: 74 | M57: 0 | O57: =ROUND((+G57*N57)/100,0) -> 0 | P57: =IF(M57>O57,+M57-O57,0) -> 0 | Q57: 78 | R57: =+Q57 -> 78
B58: 240104 | C58: 26 | D58: SAN JOSE XOCHIXTLAN ITUNYOSO | E58: 62 | F58: 67 | G58: =F58*0.666*24/72 -> 14.874 | H58: 6 | I58: 0 | J58: 0 | K58: 0 | L58: 8 | M58: 0 | O58: =ROUND((+G58*N58)/100,0) -> 0 | P58: =IF(M58>O58,+M58-O58,0) -> 0 | Q58: 5 | R58: =Q58 -> 5
B59: 392109 | C59: 23 | D59: SAN SEBASTIAN NOPALERA | E59: 64 | F59: 89 | G59: =F59*0.666*24/72 -> 19.758 | H59: 13 | I59: 0 | J59: 0 | K59: 0 | L59: 0 | M59: 0 | O59: =ROUND((+G59*N59)/100,0) -> 0 | P59: =IF(M59>O59,+M59-O59,0) -> 0 | Q59: 14 | R59: =Q59 -> 14
B61: T O T A L | D61: =COUNTA(B56:B59) -> 4 | E61: =SUM(E56:E59) -> 419 | F61: =SUM(F56:F59) -> 740 | G61: =SUM(G56:G59) -> 164.28 | H61: =SUM(H56:H59) -> 89 | I61: =SUM(I56:I59) -> 0 | J61: =SUM(J56:J59) -> 0 | K61: =SUM(K56:K59) -> 0 | L61: =SUM(L56:L59) -> 103 | ... R61: =SUM(R56:R59) -> 118
B62: OBSERVACIONES: DE LAS CAJAS DE LECHE QUE SE ENCUENTRAN EN EL ALMACEN ENVIAR: 03 CAJAS PARA EL P.V. 2024010400
Q63: TOTAL A RECIBIR EN ALMACEN: | R63: =R61+R62 -> 118
B66: ::
C67: ALMACEN RURAL : HUAJOLOTITLAN
B70: 160102 | C70: 10 | D70: SAN JERONIMO SILACAYOAPILLA | E70: 155 | F70: 250 | G70: =F70*0.666*24/72 -> 55.5 | H70: 40 | I70: 0 | J70: 0 | K70: 0 | L70: 40 | M70: 0 | O70: =ROUND((+G70*N70)/100,0) -> 0 | P70: =IF(M70>O70,+M70-O70,0) -> 0 | Q70: 40 | R70: =Q70 -> 40
B71: 181101 | C71: 53 | D71: SAN JUAN BAUTISTA SUCHITEPEC | E71: 65 | F71: 116 | G71: =F71*0.666*24/72 -> 25.752 | H71: 23 | I71: 0 | J71: 0 | K71: 0 | L71: 24 | M71: 0 | O71: =ROUND((+G71*N71)/100,0) -> 0 | P71: =IF(M71>O71,+M71-O71,0) -> 0 | Q71: 23 | R71: =Q71 -> 23
B72: 373101 | C72: 17 | D72: SANTA CATARINA ZAPOQUILA | E72: 104 | F72: 164 | G72: =F72*0.666*24/72 -> 36.408 | H72: 33 | I72: 0 | J72: 0 | K72: 0 | L72: 35 | M72: 0 | O72: =ROUND((+G72*N72)/100,0) -> 0 | P72: 0 | Q72: 35 | R72: =Q72 -> 35
B73: 455102 | C73: 43 | D73: STGO. AYUQUILILLA | E73: 160 | F73: 260 | G73: =F73*0.666*24/72 -> 57.72 | H73: 40 | I73: 0 | J73: 0 | K73: 0 | L73: 45 | M73: 0 | O73: =ROUND((+G73*N73)/100,0) -> 0 | P73: =IF(M73>O73,+M73-O73,0) -> 0 | Q73: 45 | R73: =Q73 -> 45
B74: 456102 | C74: 3 | D74: SANTIAGO CACALOXTEPEC | E74: 115 | F74: 199 | G74: =F74*0.666*24/72 -> 44.178 | H74: 14 | I74: 0 | J74: 0 | K74: 0 | L74: 25 | M74: 0 | O74: =ROUND((+G74*N74)/100,0) -> 0 | P74: =IF(M74>O74,+M74-O74,0) -> 0 | Q74: 26 | R74: =Q74 -> 26
B75: 456103 | C75: 65 | D75: CORRAL DE PIEDRA | E75: 77 | F75: 127 | G75: =F75*0.666*24/72 -> 28.194 | H75: 9 | I75: 0 | J75: 0 | K75: 0 | L75: 5 | M75: 0 | O75: =ROUND((+G75*N75)/100,0) -> 0 | P75: =IF(M75>O75,+M75-O75,0) -> 0 | Q75: 8 | R75: =Q75 -> 8
B76: 524101 | C76: 20 | D76: SANTO DOMINGO YODOHINO | E76: 73 | F76: 91 | G76: =F76*0.666*24/72 -> 20.202 | H76: 10 | I76: 0 | J76: 0 | K76: 0 | L76: 11 | M76: 0 | O76: =ROUND((+G76*N76)/100,0) -> 0 | P76: =IF(M76>O76,+M76-O76,0) -> 0 | Q76: 10 | R76: =Q76 -> 10
B78: T O T A L | D78: =COUNTA(B70:B76) -> 7 | E78: =SUM(E70:E76) -> 749 | F78: =SUM(F70:F76) -> 1207 | G78: =SUM(G70:G76) -> 267.954 | H78: =SUM(H70:H76) -> 169 | I78: =SUM(I70:I76) -> 0 | J78: =SUM(J70:J76) -> 0 | K78: =SUM(K70:K76) -> 0 | L78: =SUM(L70:L76) -> 185 | ... R78: =SUM(R70:R76) -> 187
B79: OBSERVACIONES:
Q80: TOTAL A RECIBIR EN ALMACEN: | R80: =R78+R79 -> 187
B83: ::
C84: ALMACEN RURAL : TACACHE DE MINA
B87: 11102 | C87: 16 | D87: CALIHUALA | E87: 87 | F87: 134 | G87: =F87*0.666*24/72 -> 29.748 | H87: 20 | I87: 0 | J87: 0 | K87: 0 | L87: 20 | M87: 0 | O87: =ROUND((+G87*N87)/100,0) -> 0 | P87: 0 | Q87: 20 | R87: =Q87 -> 20
B88: 32102 | C88: 14 | D88: FRESNILLO DE TRUJANO | E88: 63 | F88: 101 | G88: =F88*0.666*24/72 -> 22.422 | H88: 16 | I88: 0 | J88: 0 | K88: 0 | L88: 16 | M88: 0 | O88: =ROUND((+G88*N88)/100,0) -> 0 | P88: =IF(M88>O88,+M88-O88,0) -> 0 | Q88: 16 | R88: =Q88 -> 16
B89: 99101 | C89: 29 | D89: SAN ANDRES TEPETLAPA | E89: 40 | F89: 57 | G89: =F89*0.666*24/72 -> 12.654 | H89: 5 | I89: 0 | J89: 0 | K89: 0 | L89: 8 | M89: 0 | O89: =ROUND((+G89*N89)/100,0) -> 0 | P89: =IF(M89>O89,+M89-O89,0) -> 0 | Q89: 8 | R89: =Q89 -> 8
B90: 120309 | C90: 9 | D90: SANTA CRUZ TACACHE DE MINA | E90: 239 | F90: 421 | G90: =F90*0.666*24/72 -> 93.462 | H90: 50 | I90: 0 | J90: 0 | K90: 0 | L90: 60 | M90: 0 | O90: =ROUND((+G90*N90)/100,0) -> 0 | P90: =IF(M90>O90,+M90-O90,0) -> 0 | Q90: 39 | R90: =Q90 -> 39
B91: 120509 | C91: 12 | D91: VENTA DE URIBE DE JUAREZ | E91: 87 | F91: 137 | G91: =F91*0.666*24/72 -> 30.414 | H91: 18 | I91: 0 | J91: 0 | K91: 0 | L91: 17 | M91: 0 | O91: =ROUND((+G91*N91)/100,0) -> 0 | P91: 0 | Q91: 17 | R91: =Q91 -> 17
B92: 152101 | C92: 19 | D92: SAN FRANCISCO TLAPANCINGO | E92: 64 | F92: 103 | G92: =F92*0.666*24/72 -> 22.866 | H92: 10 | I92: 0 | J92: 0 | K92: 0 | L92: 9 | M92: 0 | O92: =ROUND((+G92*N92)/100,0) -> 0 | P92: =IF(M92>O92,+M92-O92,0) -> 0 | Q92: 11 | R92: =Q92 -> 11
B93: 183103 | C93: 85 | D93: SANTIAGO GUADALUPE | E93: 46 | F93: 75 | G93: =F93*0.666*24/72 -> 16.65 | H93: 12 | I93: 0 | J93: 0 | K93: 0 | L93: 13 | M93: 0 | O93: =ROUND((+G93*N93)/100,0) -> 0 | P93: =IF(M93>O93,+M93-O93,0) -> 0 | Q93: 13 | R93: =Q93 -> 13
B94: 245102 | C94: 11 | D94: SAN MARTIN ZACATEPEC | E94: 63 | F94: 98 | G94: =F94*0.666*24/72 -> 21.756 | H94: 11 | I94: 0 | J94: 0 | K94: 0 | L94: 2 | M94: 0 | O94: =ROUND((+G94*N94)/100,0) -> 0 | P94: =IF(M94>O94,+M94-O94,0) -> 0 | Q94: 11 | R94: =Q94 -> 11
B95: 259103 | C95: 69 | D95: SAN MIGUEL AHUEHUETITLAN | E95: 59 | F95: 97 | G95: =F95*0.666*24/72 -> 21.534 | H95: 5 | I95: 0 | J95: 0 | K95: 0 | L95: 9 | M95: 0 | O95: =ROUND((+G95*N95)/100,0) -> 0 | P95: =IF(M95>O95,+M95-O95,0) -> 0 | Q95: 8 | R95: =Q95 -> 8
B96: 261103 | C96: 13 | D96: SAN MIGUEL AMATITLAN | E96: 102 | F96: 154 | G96: =F96*0.666*24/72 -> 34.188 | H96: 2 | I96: 0 | J96: 0 | K96: 0 | L96: 16 | M96: 0 | O96: =ROUND((+G96*N96)/100,0) -> 0 | P96: =IF(M96>O96,+M96-O96,0) -> 0 | Q96: 15 | R96: =Q96 -> 15
B97: 261107 | C97: 71 | D97: SAN LORENZO VISTA HERMOSA | E97: 54 | F97: 93 | G97: =F97*0.666*24/72 -> 20.646 | H97: 8 | I97: 0 | J97: 0 | K97: 0 | L97: 9 | M97: 0 | O97: =ROUND((+G97*N97)/100,0) -> 0 | P97: =IF(M97>O97,+M97-O97,0) -> 0 | Q97: 10 | R97: =Q97 -> 10
B98: 261108 | C98: 50 | D98: XOCONOXTLE, AMATITLAN | E98: 63 | F98: 103 | G98: =F98*0.666*24/72 -> 22.866 | H98: 8 | I98: 0 | J98: 0 | K98: 0 | L98: 9 | M98: 0 | O98: =ROUND((+G98*N98)/100,0) -> 0 | P98: =IF(M98>O98,+M98-O98,0) -> 0 | Q98: 12 | R98: =Q98 -> 12
B99: 352102 | C99: 58 | D99: SAN SIMON ZAHUATLAN | E99: 40 | F99: 65 | G99: =F99*0.666*24/72 -> 14.43 | H99: 6 | I99: 0 | J99: 0 | K99: 0 | L99: 7 | M99: 0 | O99: =ROUND((+G99*N99)/100,0) -> 0 | P99: =IF(M99>O99,+M99-O99,0) -> 0 | Q99: 7 | R99: =Q99 -> 7
B100: 484102 | C100: 2 | D100: SANTIAGO TAMAZOLA | E100: 119 | F100: 167 | G100: =F100*0.666*24/72 -> 37.074 | H100: 25 | I100: 0 | J100: 0 | K100: 0 | L100: 25 | M100: 0 | O100: =ROUND((+G100*N100)/100,0) -> 0 | P100: =IF(M100>O100,+M100-O100,0) -> 0 | Q100: 25 | R100: =Q100 -> 25
B101: 501103 | C101: 7 | D101: SANTIAGO YUCUYACHI | E101: 45 | F101: 65 | G101: =F101*0.666*24/72 -> 14.43 | H101: 10 | I101: 0 | J101: 0 | K101: 0 | L101: 10 | M101: 0 | O101: =ROUND((+G101*N101)/100,0) -> 0 | P101: 0 | Q101: 2 | R101: =Q101 -> 2
B102: 529102 | C102: 35 | D102: SANTOS REYES YUCUNA | E102: 63 | F102: 115 | G102: =F102*0.666*24/72 -> 25.53 | H102: 9 | I102: 0 | J102: 0 | K102: 0 | L102: 10 | M102: 0 | O102: =ROUND((+G102*N102)/100,0) -> 0 | P102: 0 | Q102: 10 | R102: =Q102 -> 10
B103: 567101 | C103: 18 | D103: ZAPOTITLAN LAGUNAS | E103: 244 | F103: 381 | G103: =F103*0.666*24/72 -> 84.582 | H103: 50 | I103: 0 | J103: 0 | K103: 0 | L103: 55 | M103: 0 | O103: =ROUND((+G103*N103)/100,0) -> 0 | P103: =IF(M103>O103,+M103-O103,0) -> 0 | Q103: 57 | R103: =Q103 -> 57
B105: T O T A L | D105: =COUNTA(B87:B103) -> 17 | E105: =SUM(E87:E103) -> 1478 | F105: =SUM(F87:F103) -> 2366 | G105: =SUM(G87:G103) -> 525.252 | H105: =SUM(H87:H103) -> 265 | I105: =SUM(I87:I103) -> 0 | J105: =SUM(J87:J103) -> 0 | K105: =SUM(K87:K103) -> 0 | L105: =SUM(L87:L103) -> 295 | ... R105: =SUM(R87:R103) -> 281
B106: OBSERVACIONES: DE LAS CAJAS DE LECHE QUE SE ENCUENTRAN EN EL ALMACEN ENVIAR: 21 CAJAS PARA EL P.V. 2012030900
Q107: TOTAL A RECIBIR EN ALMACEN: | R107: =R105+R106 -> 281
B110: ::
C111: ALMACEN RURAL : TLAXIACO
B114: 50101 | C114: 12 | D114: MAGDALENA PEÑASCO | E114: 74 | F114: 124 | G114: =F114*0.666*24/72 -> 27.528 | H114: 14 | I114: 0 | J114: 0 | K114: 0 | L114: 19 | M114: 0 | O114: =ROUND((+G114*N114)/100,0) -> 0 | P114: =IF(M114>O114,+M114-O114,0) -> 0 | Q114: 10 | R114: =Q114 -> 10
B115: 105103 | C115: 107 | D115: SAN JOSE MONTEVERDE | E115: 126 | F115: 213 | G115: =F115*0.666*24/72 -> 47.286 | H115: 35 | I115: 0 | J115: 0 | K115: 0 | L115: 36 | M115: 0 | O115: =ROUND((+G115*N115)/100,0) -> 0 | P115: =IF(M115>O115,+M115-O115,0) -> 0 | Q115: 37 | R115: =Q115 -> 37
B116: 105104 | C116: 40 | D116: SAN ANTONIO MONTEVERDE | E116: 85 | F116: 116 | G116: =F116*0.666*24/72 -> 25.752 | H116: 20 | I116: 0 | J116: 0 | K116: 0 | L116: 21 | M116: 0 | O116: =ROUND((+G116*N116)/100,0) -> 0 | P116: =IF(M116>O116,+M116-O116,0) -> 0 | Q116: 15 | R116: =Q116 -> 15
B117: 110102 | C117: 19 | D117: SAN ANTONIO SINICAHUA | E117: 82 | F117: 102 | G117: =F117*0.666*24/72 -> 22.644 | H117: 9 | I117: 0 | J117: 0 | K117: 0 | L117: 10 | M117: 0 | O117: =ROUND((+G117*N117)/100,0) -> 0 | P117: =IF(M117>O117,+M117-O117,0) -> 0 | Q117: 11 | R117: =Q117 -> 11
B118: 119101 | C118: 23 | D118: SAN BARTOLOME YUCUAÑE | E118: 71 | F118: 89 | G118: =F118*0.666*24/72 -> 19.758 | H118: 11 | I118: 0 | J118: 0 | K118: 0 | L118: 11 | M118: 0 | O118: =ROUND((+G118*N118)/100,0) -> 0 | P118: =IF(M118>O118,+M118-O118,0) -> 0 | Q118: 12 | R118: =Q118 -> 12
B119: 127102 | C119: 22 | D119: SAN CRISTOBAL AMOLTEPEC | E119: 55 | F119: 61 | G119: =F119*0.666*24/72 -> 13.542 | H119: 4 | I119: 0 | J119: 0 | K119: 0 | L119: 4 | M119: 0 | O119: =ROUND((+G119*N119)/100,0) -> 0 | P119: =IF(M119>O119,+M119-O119,0) -> 0 | Q119: 2 | R119: =Q119 -> 2
B120: 127103 | C120: 104 | D120: SAN JUAN CABEZA DEL RIO | E120: 83 | F120: 119 | G120: =F120*0.666*24/72 -> 26.418 | H120: 15 | I120: 0 | J120: 0 | K120: 0 | L120: 15 | M120: 0 | O120: =ROUND((+G120*N120)/100,0) -> 0 | P120: =IF(M120>O120,+M120-O120,0) -> 0 | Q120: 18 | R120: =Q120 -> 18
B121: 208101 | C121: 34 | D121: SAN JUAN MIXTEPEC | E121: 216 | F121: 306 | G121: =F121*0.666*24/72 -> 67.932 | H121: 35 | I121: 0 | J121: 0 | K121: 0 | L121: 45 | M121: 0 | O121: =ROUND((+G121*N121)/100,0) -> 0 | P121: =IF(M121>O121,+M121-O121,0) -> 0 | Q121: 47 | R121: =Q121 -> 47
B122: 210108 | C122: 63 | D122: PEÑA COLORADA, ÑUMI | E122: 95 | F122: 108 | G122: =F122*0.666*24/72 -> 23.976 | H122: 10 | I122: 0 | J122: 0 | K122: 0 | L122: 10 | M122: 0 | O122: =ROUND((+G122*N122)/100,0) -> 0 | P122: =IF(M122>O122,+M122-O122,0) -> 0 | Q122: 11 | R122: =Q122 -> 11
B123: 210109 | C123: 96 | D123: RIO SAN JUAN | E123: 124 | F123: 149 | G123: =F123*0.666*24/72 -> 33.078 | H123: 32 | I123: 0 | J123: 0 | K123: 0 | L123: 33 | M123: 0 | O123: =ROUND((+G123*N123)/100,0) -> 0 | P123: =IF(M123>O123,+M123-O123,0) -> 0 | Q123: 32 | R123: =Q123 -> 32
B124: 218102 | C124: 28 | D124: SAN JUAN TEITA | E124: 40 | F124: 52 | G124: =F124*0.666*24/72 -> 11.544 | H124: 6 | I124: 0 | J124: 0 | K124: 0 | L124: 6 | M124: 0 | O124: =ROUND((+G124*N124)/100,0) -> 0 | P124: =IF(M124>O124,+M124-O124,0) -> 0 | Q124: 6 | R124: =Q124 -> 6
B125: 252101 | C125: 20 | D125: SAN MATEO PEÑASCO | E125: 36 | F125: 50 | G125: =F125*0.666*24/72 -> 11.1 | H125: 4 | I125: 0 | J125: 0 | K125: 0 | L125: 4 | M125: 0 | O125: =ROUND((+G125*N125)/100,0) -> 0 | P125: =IF(M125>O125,+M125-O125,0) -> 0 | Q125: 4 | R125: =Q125 -> 4
B126: 430102 | C126: 43 | D126: SANTA MARIA TATALTEPEC | E126: 41 | F126: 52 | G126: =F126*0.666*24/72 -> 11.544 | H126: 9 | I126: 0 | J126: 0 | K126: 0 | L126: 0 | M126: 0 | O126: =ROUND((+G126*N126)/100,0) -> 0 | P126: =IF(M126>O126,+M126-O126,0) -> 0 | Q126: 9 | R126: =Q126 -> 9
...

Sheet TOTAL
A1: LECHE PARA EL BIENESTAR, S.A. DE C.V.
A2: GERENCIA ESTATAL OAXACA
A3: DEPARTAMENTO DE DISTRIBUCIÓN Y TRANSPORTACIÓN
A4: =+'POR ALMACEN'!B4 -> REQUERIMIENTO DE LECHE EN POLVO CORRESPONDIENTE AL MES DE MARZO DEL 2026 | C4: REQUERIMIENTO DE LECHE EN POLVO CORRESPONDIENTE AL MES DE ENERO DEL 2022.
A5: LECHERIAS INCORPORADAS AL CONVENIO LECHE PARA EL BIENESTAR-ALIMENTACION PARA EL BIENJESTAR
A6: PRECIO PREFERENCIAL $4.50
A7: ALMACEN DICONSA | C7: NUMERO DE TIENDAS | D7: PADRÓN | F7: DOTACION MENSUAL TEOR. | G7: SOBRANTE EN ALMACEN RURAL | H7: * REQUERIMIENTO * | J7: TOTALES POR SUCURSALES RURALES
D8: FAM. | E8: BENEF. | H8: CAJAS | I8: CAJAS A ENVIAR A ALMC. RURAL
A11: SUCURSAL HUAJUAPAN | J11: =SUM(I13:I20) -> 1712
B13: CHALCATONGO | C13: =+'POR ALMACEN'!D28 -> 13 | D13: ='POR ALMACEN'!E28 -> 1682 | E13: ='POR ALMACEN'!F28 -> 2406 | F13: =+'POR ALMACEN'!G28 -> 534.132 | G13: =+'POR ALMACEN'!I28 -> 0 | H13: =+'POR ALMACEN'!Q28 -> 189 | I13: =H13-G13 -> 189
B14: COIXTLAHUACA | C14: =+'POR ALMACEN'!D47 -> 9 | D14: =+'POR ALMACEN'!E47 -> 672 | E14: =+'POR ALMACEN'!F47 -> 1030 | F14: =+'POR ALMACEN'!G47 -> 228.66 | G14: =+'POR ALMACEN'!I47 -> 0 | H14: =+'POR ALMACEN'!Q47 -> 150 | I14: =H14-G14 -> 150
B15: CONSTANCIA DEL ROSARIO | C15: =+'POR ALMACEN'!D61 -> 4 | D15: =+'POR ALMACEN'!E61 -> 419 | E15: =+'POR ALMACEN'!F61 -> 740 | F15: =+'POR ALMACEN'!G61 -> 164.28 | G15: =+'POR ALMACEN'!I61 -> 0 | H15: =+'POR ALMACEN'!Q61 -> 118 | I15: =H15-G15 -> 118
B16: HUAJOLOTITLAN | C16: =+'POR ALMACEN'!D78 -> 7 | D16: =+'POR ALMACEN'!E78 -> 749 | E16: =+'POR ALMACEN'!F78 -> 1207 | F16: =+'POR ALMACEN'!G78 -> 267.954 | G16: =+'POR ALMACEN'!I78 -> 0 | H16: =+'POR ALMACEN'!Q78 -> 187 | I16: =H16-G16 -> 187
B17: TACACHE DE MINA | C17: =+'POR ALMACEN'!D105 -> 17 | D17: =+'POR ALMACEN'!E105 -> 1478 | E17: =+'POR ALMACEN'!F105 -> 2366 | F17: =+'POR ALMACEN'!G105 -> 525.252 | G17: =+'POR ALMACEN'!I105 -> 0 | H17: =+'POR ALMACEN'!Q105 -> 281 | I17: =H17-G17 -> 281
B18: TLAXIACO | C18: =+'POR ALMACEN'!D128 -> 13 | D18: =+'POR ALMACEN'!E128 -> 1128 | E18: =+'POR ALMACEN'!F128 -> 1541 | F18: =+'POR ALMACEN'!G128 -> 342.102 | G18: =+'POR ALMACEN'!I128 -> 0 | H18: =+'POR ALMACEN'!Q128 -> 214 | I18: =H18-G18 -> 214
B19: TECOMAXTLAHUACA | C19: =+'POR ALMACEN'!D150 -> 12 | D19: =+'POR ALMACEN'!E150 -> 1068 | E19: =+'POR ALMACEN'!F150 -> 1813 | F19: =+'POR ALMACEN'!G150 -> 402.486 | G19: =+'POR ALMACEN'!I150 -> 0 | H19: =+'POR ALMACEN'!Q150 -> 241 | I19: =H19-G19 -> 241
B20: YANHUITLAN | C20: =+'POR ALMACEN'!D185 -> 24 | D20: =+'POR ALMACEN'!E185 -> 1832 | E20: =+'POR ALMACEN'!F185 -> 2827 | F20: =+'POR ALMACEN'!G185 -> 627.594 | G20: =+'POR ALMACEN'!I185 -> 0 | H20: =+'POR ALMACEN'!Q185 -> 332 | I20: =H20-G20 -> 332
A22: SUCURSAL ISTMO-COSTA | J22: =SUM(I24:I33) -> 1755
B24: MORRO MAZATAN | C24: =+'POR ALMACEN'!D196 -> 3 | D24: ='POR ALMACEN'!E196 -> 258 | E24: ='POR ALMACEN'!F196 -> 402 | F24: =+'POR ALMACEN'!G196 -> 89.244 | G24: =+'POR ALMACEN'!I196 -> 0 | H24: ='POR ALMACEN'!Q196 -> 72 | I24: =H24-G24 -> 72
B25: PALOMARES | C25: =+'POR ALMACEN'!D206 -> 2 | D25: ='POR ALMACEN'!E206 -> 185 | E25: ='POR ALMACEN'!F206 -> 322 | F25: =+'POR ALMACEN'!G203 -> 41.07 | G25: =+'POR ALMACEN'!I205 -> 0 | H25: =+'POR ALMACEN'!Q206 -> 10 | I25: =H25-G25 -> 10
B26: SANTIAGO LAOLLAGA | C26: =+'POR ALMACEN'!D222 -> 7 | D26: ='POR ALMACEN'!E222 -> 817 | E26: ='POR ALMACEN'!F222 -> 1245 | F26: ='POR ALMACEN'!G222 -> 276.39 | G26: =+'POR ALMACEN'!I206 -> 0 | H26: =+'POR ALMACEN'!Q222 -> 196 | I26: =H26-G26 -> 196
B27: SANTIAGO NILTEPEC | C27: =+'POR ALMACEN'!D232 -> 1 | D27: ='POR ALMACEN'!E232 -> 79 | E27: ='POR ALMACEN'!F232 -> 116 | F27: ='POR ALMACEN'!G232 -> 25.752 | G27: =+'POR ALMACEN'!I231 -> 0 | H27: =+'POR ALMACEN'!Q232 -> 22 | I27: =H27-G27 -> 22
B28: EL TOMATAL | C28: =+'POR ALMACEN'!D250 -> 9 | D28: ='POR ALMACEN'!E250 -> 639 | E28: ='POR ALMACEN'!F250 -> 1026 | F28: ='POR ALMACEN'!G250 -> 227.772 | G28: =+'POR ALMACEN'!I249 -> 0 | H28: =+'POR ALMACEN'!Q250 -> 165 | I28: =H28-G28 -> 165
B29: HUAXPALTEPEC | C29: =+'POR ALMACEN'!D276 -> 18 | D29: ='POR ALMACEN'!E276 -> 1567 | E29: ='POR ALMACEN'!F276 -> 2538 | F29: ='POR ALMACEN'!G276 -> 563.436 | G29: =+'POR ALMACEN'!I275 -> 0 | H29: =+'POR ALMACEN'!Q276 -> 369 | I29: =H29-G29 -> 369
B30: SANTA MARIA HUATULCO | C30: =+'POR ALMACEN'!D296 -> 11 | D30: ='POR ALMACEN'!E296 -> 1182 | E30: ='POR ALMACEN'!F296 -> 1843 | F30: ='POR ALMACEN'!G296 -> 409.146 | G30: =+'POR ALMACEN'!I295 -> 0 | H30: =+'POR ALMACEN'!Q296 -> 235 | I30: =H30-G30 -> 235
B31: LA REFORMA YAUTEPEC | C31: =+'POR ALMACEN'!D318 -> 12 | D31: ='POR ALMACEN'!E318 -> 650 | E31: ='POR ALMACEN'!F318 -> 1044 | F31: ='POR ALMACEN'!G318 -> 231.768 | G31: =+'POR ALMACEN'!I318 -> 0 | H31: =+'POR ALMACEN'!Q318 -> 148 | I31: =H31-G31 -> 148
B32: LOS IDEALES | C32: =+'POR ALMACEN'!D345 -> 16 | D32: ='POR ALMACEN'!E345 -> 2338 | E32: ='POR ALMACEN'!F345 -> 3906 | F32: ='POR ALMACEN'!G345 -> 867.132 | G32: =+'POR ALMACEN'!I344 -> 0 | H32: =+'POR ALMACEN'!Q345 -> 525 | I32: =H32-G32 -> 525
B33: PUEBLO NUEVO | C33: =+'POR ALMACEN'!D358 -> 2 | D33: ='POR ALMACEN'!E358 -> 77 | E33: ='POR ALMACEN'!F358 -> 140 | F33: ='POR ALMACEN'!G358 -> 31.08 | G33: =+'POR ALMACEN'!I357 -> 0 | H33: =+'POR ALMACEN'!Q358 -> 13 | I33: =H33-G33 -> 13
A35: SUCURSAL V. CENTRAL | J35: =SUM(I37:I48) -> 3325
B37: VALLES CENTRALES | C37: =+'POR ALMACEN'!D376 -> 9 | D37: ='POR ALMACEN'!E376 -> 669 | E37: ='POR ALMACEN'!F376 -> 1105 | F37: ='POR ALMACEN'!G376 -> 245.31 | G37: =+'POR ALMACEN'!I375 -> 0 | H37: =+'POR ALMACEN'!Q376 -> 144 | I37: =H37-G37 -> 144
B38: SAN ANDRES HIDALGO | C38: =+'POR ALMACEN'!D403 -> 18 | D38: ='POR ALMACEN'!E403 -> 3095 | E38: ='POR ALMACEN'!F403 -> 5230 | F38: ='POR ALMACEN'!G403 -> 1161.06 | G38: =+'POR ALMACEN'!I402 -> 0 | H38: =+'POR ALMACEN'!Q403 -> 749 | I38: =H38-G38 -> 749
B39: SAN JOSE DEL CHILAR | C39: =+'POR ALMACEN'!D428 -> 15 | D39: ='POR ALMACEN'!E428 -> 1036 | E39: ='POR ALMACEN'!F428 -> 1591 | F39: ='POR ALMACEN'!G428 -> 353.202 | G39: =+'POR ALMACEN'!I427 -> 0 | H39: =+'POR ALMACEN'!Q428 -> 193 | I39: =H39-G39 -> 193
B40: TEOTITLAN DE FLORES MAGON | C40: =+'POR ALMACEN'!D463 -> 26 | D40: ='POR ALMACEN'!E463 -> 1791 | E40: ='POR ALMACEN'!F463 -> 2604 | F40: ='POR ALMACEN'!G463 -> 578.088 | G40: =+'POR ALMACEN'!I462 -> 0 | H40: =+'POR ALMACEN'!Q463 -> 296 | I40: =H40-G40 -> 296
B41: AYUTLA MIXES | C41: =+'POR ALMACEN'!D497 -> 21 | D41: ='POR ALMACEN'!E497 -> 1763 | E41: ='POR ALMACEN'!F497 -> 2560 | F41: ='POR ALMACEN'!G497 -> 568.32 | G41: =+'POR ALMACEN'!I497 -> 0 | H41: =+'POR ALMACEN'!Q497 -> 200 | I41: =H41-G41 -> 200
B42: IXTLAN DE JUAREZ | C42: =+'POR ALMACEN'!D510 -> 2 | D42: ='POR ALMACEN'!E510 -> 134 | E42: ='POR ALMACEN'!F510 -> 178 | F42: ='POR ALMACEN'!G510 -> 39.516 | G42: =+'POR ALMACEN'!I510 -> 0 | H42: =+'POR ALMACEN'!Q510 -> 30 | I42: =H42-G42 -> 30
B43: MAGDALENA OCOTLAN | C43: =+'POR ALMACEN'!D533 -> 12 | D43: ='POR ALMACEN'!E533 -> 792 | E43: ='POR ALMACEN'!F533 -> 1306 | F43: ='POR ALMACEN'!G533 -> 289.932 | G43: =+'POR ALMACEN'!I533 -> 0 | H43: =+'POR ALMACEN'!Q533 -> 194 | I43: =H43-G43 -> 194
B44: SANTO TOMAS TAMAZULAPAN | C44: =+'POR ALMACEN'!D574 -> 31 | D44: ='POR ALMACEN'!E574 -> 2461 | E44: ='POR ALMACEN'!F574 -> 3592 | F44: ='POR ALMACEN'!G574 -> 797.424 | G44: =+'POR ALMACEN'!I574 -> 0 | H44: =+'POR ALMACEN'!Q574 -> 456 | I44: =H44-G44 -> 456
B45: SAN PEDRO JUCHATENGO | C45: =+'POR ALMACEN'!D598 -> 13 | D45: ='POR ALMACEN'!E598 -> 1778 | E45: ='POR ALMACEN'!F598 -> 2905 | F45: ='POR ALMACEN'!G598 -> 644.91 | G45: =+'POR ALMACEN'!I598 -> 0 | H45: =+'POR ALMACEN'!Q598 -> 412 | I45: =H45-G45 -> 412
B46: SANTA MARIA LACHIXIO | C46: =+'POR ALMACEN'!D631 -> 23 | D46: ='POR ALMACEN'!E631 -> 1846 | E46: ='POR ALMACEN'!F631 -> 3100 | F46: ='POR ALMACEN'!G631 -> 688.2 | G46: =+'POR ALMACEN'!I631 -> 0 | H46: =+'POR ALMACEN'!Q631 -> 536 | I46: =H46-G46 -> 536
B47: MATATLAN | C47: =+'POR ALMACEN'!D647 -> 7 | D47: ='POR ALMACEN'!E647 -> 671 | E47: ='POR ALMACEN'!F647 -> 959 | F47: ='POR ALMACEN'!G647 -> 212.898 | G47: =+'POR ALMACEN'!I647 -> 0 | H47: =+'POR ALMACEN'!Q647 -> 88 | I47: =H47-G47 -> 88
B48: CUAJIMOLOYAS | C48: =+'POR ALMACEN'!D659 -> 3 | D48: ='POR ALMACEN'!E659 -> 156 | E48: ='POR ALMACEN'!F659 -> 212 | F48: ='POR ALMACEN'!G659 -> 47.064 | G48: =+'POR ALMACEN'!I659 -> 0 | H48: =+'POR ALMACEN'!Q659 -> 27 | I48: =H48-G48 -> 27
A50: =COUNTA(B13:B47) -> 29 | B50: ALMACENES TOTALES | C50: =SUM(C12:C49) -> 360 | D50: =SUM(D12:D49) -> 33012 | E50: =SUM(E12:E49) -> 51854 | F50: =SUM(F12:F49) -> 11481.174 | G50: =SUM(G12:G49) -> 0 | H50: =SUM(H12:H49) -> 6792 | I50: =SUM(I12:I49) -> 6792 | J50: =SUM(J11:J49) -> 6792
L52: =+J11+J22+J35 -> 6792 | M52: =749+193+296+23+369+235+44+150+349+113+148+72+22+10+196+189+214+281+187+332+5+150+241+502+13+30+144+27+88+200+536+194+15+63+412 -> 6792 | N52: =+L52-M52 -> 0
C102: OBSERVACIONES:
C151: OBSERVACIONES:
M187: 64
M188: 22
I197: 5 | M197: 32
I223: 89 | M223: 0
C244: OBSERVACIONES:
C269: OBSERVACIONES:
C288: OBSERVACIONES:
C551: OBSERVACIONES:
C580: OBSERVACIONES:
C594: OBSERVACIONES:
E603: SANTIAGO CAMOTLÁN
