Workbook
Name AA: #REF!
Name AAA: #REF!
Name ACTUAL: #REF!
Name AL: #REF!
Name ALAN: #REF!
Name ALEX: #REF!
Name ALEXA: #REF!
Name ALLAN: #REF!
Name ALMA: #REF!
Name AMA: #REF!
Name AMB: #REF!
Name AMBAR: #REF!
Name AMBRE: #REF!
Name ANA: #REF!
Name AP: #REF!
Name AX: #REF!
Name AXA: #REF!
Name AXE: #REF!
Name BA: #REF!
Name BASE: #REF!
Name BB: #REF!
Name BEN: #REF!
Name BENEF: #REF!
Name CASA: #REF!
Name CAT: #REF!
Name CATA: #REF!
Name CC: #REF!
Name color: #REF!
Name DA: #REF!
Name DAM: #REF!
Name DAMO: #REF!
Name DAT: #REF!
Name DATA: #REF!
Name DATAS: #REF!
Name DATIS: #REF!
Name DATOS: #REF!
Name DATOS: #REF!
Name DATOS1: #REF!
Name DD: #REF!
Name DEY: #REF!
Name DICE: #REF!
Name DUAL: #REF!
Name EDI: #REF!
Name FAM: #REF!
Name HERI: #REF!
Name HOLA: #REF!
Name HOLAS: #REF!
Name HOLIS: #REF!
Name INF: #REF!
Name LALO: #REF!
Name LECHE: #REF!
Name LECHERIA: #REF!
Name libreta: #REF!
Name MAMA: #REF!
Name MAR: #REF!
Name MARBE: #REF!
Name MARBELLA: #REF!
Name MARIO: #REF!
Name MARTE: #REF!
Name MARY: #REF!

Sheet POR ALMACEN
A1: LECHE PARA EL BIENESTAR, S.A. DE C.V.
A2: GERENCIA ESTATAL OAXACA
A3: DEPARTAMENTO DE DISTRIBUCION Y TRANSPORTACION
A4: REQUERIMIENTO DE LECHE EN POLVO CORRESPONDIENTE AL MES DE MARZO DEL 2026.
A5: LECHERIAS INCORPORADAS AL CONVENIO LECHE PARA EL BIENESTAR-ALIMENTACION PARA EL BIENESTAR 6.50 X LITRO
L6: PADRON DE BENEFICIARIOS. AL CIERRE DE ENERO 2026
A7: LECHERÍA | B7: TIENDA | D7: PADRÓN | F7: DOT. | G7: Envio | H7: EXIST. | I7: EXISTENCIA | K7: Envio Program. | L7: EXIST.ESTIMADA | M7: % AJUSTE | O7: SOBRANTE | P7: CAJAS | Q7: GUIA DIST.
A8: NÚM. | B8: No. | C8: L O C A L I D A D | D8: FAM. | E8: BENEF. | F8: MEN. | G8: ENERO | H8: EN | I8: CAJ. | J8: SOB. | K8: FEBRERO | L8: INICIO | M8: DOT. TEORICA | O8: ESTIM. P/ | P8: SOLIC. X | Q8: MARZO
F9: TEORICA | H9: ALMACEN | M9: % | N9: CAJAS | P9: SUPERV.
B11: ALMACEN RURAL : CHALCATONGO
A14: 88104 | B14: 23 | C14: SAN ANDRÉS CABECERA NUEVA | D14: 69 | E14: 107 | F14: =E14*0.666*24/72 -> 23.754 | G14: 10 | H14: 0 | I14: 0 | J14: 0 | K14: 8 | L14: 0 | N14: 0 | O14: =IF(L14>N14,+L14-N14,0) -> 0 | P14: 9 | Q14: =+P14 -> 9
A15: 120423 | B15: 15 | C15: CHALCATONGO DE HIDALGO | D15: 325 | E15: 448 | F15: =E15*0.666*24/72 -> 99.456 | G15: 50 | H15: 0 | I15: 0 | J15: 0 | K15: 55 | L15: 0 | N15: =ROUND((+F15*M15)/100,0) -> 0 | O15: =IF(L15>N15,+L15-N15,0) -> 0 | P15: 60 | Q15: =+P15 -> 60
A16: 133106 | B16: 105 | C16: SAN ESTEBAN ATATLAHUCA | D16: 209 | E16: 263 | F16: =E16*0.666*24/72 -> 58.386 | G16: 38 | H16: 0 | I16: 0 | J16: 0 | K16: 43 | L16: 0 | N16: =ROUND((+F16*M16)/100,0) -> 0 | O16: =IF(L16>N16,+L16-N16,0) -> 0 | P16: 43 | Q16: =+P16 -> 43
A17: 269103 | B17: 106 | C17: SAN MIGUEL EL GRANDE | D17: 76 | E17: 100 | F17: =E17*0.666*24/72 -> 22.2 | G17: 12 | H17: 0 | I17: 0 | J17: 0 | K17: 12 | L17: 0 | N17: 0 | O17: =IF(L17>N17,+L17-N17,0) -> 0 | P17: 12 | Q17: =+P17 -> 12
A18: 320101 | B18: 4 | C18: SAN PEDRO MOLINOS | D18: 53 | E18: 74 | F18: =E18*0.666*24/72 -> 16.428 | G18: 6 | H18: 0 | I18: 0 | J18: 0 | K18: 6 | L18: 0 | N18: 0 | O18: =IF(L18>N18,+L18-N18,0) -> 0 | P18: 6 | Q18: =+P18 -> 6
A19: 371102 | B19: 119 | C19: SANTA CATARINA TICUA | D19: 76 | E19: 96 | F19: =E19*0.666*24/72 -> 21.312 | G19: 10 | H19: 0 | I19: 0 | J19: 0 | K19: 10 | L19: 0 | N19: 0 | O19: =IF(L19>N19,+L19-N19,0) -> 0 | P19: 10 | Q19: =+P19 -> 10
A20: 510102 | B20: 10 | C20: SANTO DOMINGO IXCATLAN | D20: 56 | E20: 65 | F20: =E20*0.666*24/72 -> 14.43 | G20: 10 | H20: 0 | I20: 0 | J20: 0 | K20: 7 | L20: 0 | N20: 0 | O20: =IF(L20>N20,+L20-N20,0) -> 0 | P20: 7 | Q20: =+P20 -> 7
A22: T O T A L | C22: =COUNTA(A14:A20) -> 7 | D22: =SUM(D14:D20) -> 864 | E22: =SUM(E14:E20) -> 1153 | F22: =SUM(F14:F20) -> 255.966 | G22: =SUM(G14:G20) -> 136 | H22: =SUM(H14:H20) -> 0 | I22: =SUM(I14:I20) -> 0 | J22: =SUM(J14:J20) -> 0 | K22: =SUM(K14:K20) -> 141 | ... Q22: =SUM(Q14:Q20) -> 147
A23: OBSERVACIONES:
P24: TOTAL A RECIBIR EN ALMACEN: | Q24: =Q22 -> 147
B27: ALMACEN RURAL : COIXTLAHUACA
A30: 100144 | B30: 50 | C30: VILLA DE TAMAZULAPAN DEL PROGRESO | D30: 296 | E30: 462 | F30: =E30*0.666*24/72 -> 102.564 | G30: 58 | H30: 0 | I30: 0 | J30: 0 | K30: 0 | L30: 0 | N30: =ROUND((+F30*M30)/100,0) -> 0 | O30: =IF(L30>N30,+L30-N30,0) -> 0 | P30: 59 | Q30: =+P30 -> 59
A31: 120438 | B31: 65 | C31: TEPELMEME VILLA DE MORELOS | D31: 133 | E31: 196 | F31: =E31*0.666*24/72 -> 43.512 | G31: 0 | H31: 0 | I31: 0 | J31: 0 | K31: 20 | L31: 0 | N31: =ROUND((+F31*M31)/100,0) -> 0 | O31: =IF(L31>N31,+L31-N31,0) -> 0 | P31: 1 | Q31: =+P31 -> 1
A32: 283101 | B32: 66 | C32: SAN MIGUEL TEQUIXTEPEC | D32: 91 | E32: 126 | F32: =E32*0.666*24/72 -> 27.972 | G32: 20 | H32: 0 | I32: 0 | J32: 0 | K32: 14 | L32: 0 | N32: =ROUND((+F32*M32)/100,0) -> 0 | O32: =IF(L32>N32,+L32-N32,0) -> 0 | P32: 18 | Q32: =+P32 -> 18
A33: 422101 | B33: 23 | C33: SANTA MARIA NATIVITAS | D33: 59 | E33: 81 | F33: =E33*0.666*24/72 -> 17.982 | G33: 15 | H33: 0 | I33: 0 | J33: 0 | K33: 15 | L33: 0 | N33: =ROUND((+F33*M33)/100,0) -> 0 | O33: =IF(L33>N33,+L33-N33,0) -> 0 | P33: 16 | Q33: =+P33 -> 16
A34: 552101 | B34: 27 | C34: TLACOTEPEC PLUMAS | D34: 54 | E34: 82 | F34: =E34*0.666*24/72 -> 18.204 | G34: 4 | H34: 0 | I34: 0 | J34: 0 | K34: 3 | L34: 0 | N34: =ROUND((+F34*M34)/100,0) -> 0 | O34: =IF(L34>N34,+L34-N34,0) -> 0 | P34: 4 | Q34: =+P34 -> 4
A35: 556101 | B35: 10 | C35: LA TRINIDAD VISTA HERMOSA | D35: 69 | E35: 107 | F35: =E35*0.666*24/72 -> 23.754 | G35: 6 | H35: 0 | I35: 0 | J35: 0 | K35: 7 | L35: 0 | N35: =ROUND((+F35*M35)/100,0) -> 0 | O35: =IF(L35>N35,+L35-N35,0) -> 0 | P35: 8 | Q35: =+P35 -> 8
A37: T O T A L | C37: =COUNTA(A30:A35) -> 6 | D37: =SUM(D30:D35) -> 702 | E37: =SUM(E30:E35) -> 1054 | F37: =SUM(F30:F35) -> 233.988 | G37: =SUM(G30:G35) -> 103 | H37: =SUM(H30:H35) -> 0 | I37: =SUM(I30:I35) -> 0 | J37: =SUM(J30:J35) -> 0 | K37: =SUM(K30:K35) -> 59 | ... Q37: =SUM(Q30:Q35) -> 106
A38: OBSERVACIONES: DE LAS CAJAS DE LECHE QUE SE ENCUENTRAN EN EL ALMACEN ENVIAR: 24 CAJAS PARA EL P.V. 2012043800
P39: TOTAL A RECIBIR EN ALMACEN: | Q39: =Q37 -> 106
B41: ALMACEN RURAL : CONSTANCIA DEL ROSARIO
A44: 73101 | B44: 46 | C44: SANTIAGO AMATE COLORADO | D44: 48 | E44: 82 | F44: =E44*0.666*24/72 -> 18.204 | G44: 12 | H44: 0 | I44: 0 | J44: 0 | K44: 10 | L44: 0 | N44: =ROUND((+F44*M44)/100,0) -> 0 | O44: =IF(L44>N44,+L44-N44,0) -> 0 | P44: 14 | Q44: =+P44 -> 14
A45: 73113 | B45: 13 | C45: SAN PEDRO SINIYUVI | D45: 65 | E45: 80 | F45: =E45*0.666*24/72 -> 17.76 | G45: 11 | H45: 0 | I45: 0 | J45: 0 | K45: 9 | L45: 0 | N45: =ROUND((+F45*M45)/100,0) -> 0 | O45: =IF(L45>N45,+L45-N45,0) -> 0 | P45: 12 | Q45: =+P45 -> 12
A46: 73114 | B46: 9 | C46: SAN ANDRES CHICAHUAXTLA | D46: 67 | E46: 80 | F46: =E46*0.666*24/72 -> 17.76 | G46: 2 | H46: 0 | I46: 0 | J46: 0 | K46: 7 | L46: 0 | N46: =ROUND((+F46*M46)/100,0) -> 0 | O46: =IF(L46>N46,+L46-N46,0) -> 0 | P46: 8 | Q46: =+P46 -> 8
A47: 73115 | B47: 31 | C47: ASUNCION ATOYAQUILLO | D47: 94 | E47: 110 | F47: =E47*0.666*24/72 -> 24.42 | G47: 0 | H47: 0 | I47: 0 | J47: 0 | K47: 0 | L47: 0 | N47: =ROUND((+F47*M47)/100,0) -> 0 | O47: =IF(L47>N47,+L47-N47,0) -> 0 | P47: 25 | Q47: =+P47 -> 25
A48: 76101 | B48: 33 | C48: LA REFORMA | D48: 65 | E48: 105 | F48: =E48*0.666*24/72 -> 23.31 | G48: 23 | H48: 0 | I48: 0 | J48: 0 | K48: 0 | L48: 0 | N48: =ROUND((+F48*M48)/100,0) -> 0 | O48: =IF(L48>N48,+L48-N48,0) -> 0 | P48: 22 | Q48: =+P48 -> 22
A49: 76102 | B49: 42 | C49: ESTANZUELA GRANDE | D49: 61 | E49: 96 | F49: =E49*0.666*24/72 -> 21.312 | G49: 19 | H49: 0 | I49: 0 | J49: 0 | K49: 17 | L49: 0 | N49: =ROUND((+F49*M49)/100,0) -> 0 | O49: =IF(L49>N49,+L49-N49,0) -> 0 | P49: 18 | Q49: =+P49 -> 18
A50: 120347 | B50: 79 | C50: PUTLA VILLA DE GUERRERO | D50: 461 | E50: 683 | F50: =E50*0.666*24/72 -> 151.626 | G50: 88 | H50: 0 | I50: 0 | J50: 0 | K50: 88 | L50: 0 | N50: =ROUND((+F50*M50)/100,0) -> 0 | O50: =IF(L50>N50,+L50-N50,0) -> 0 | P50: 94 | Q50: =+P50 -> 94
A51: 120427 | B51: 93 | C51: GUADALUPE NUEVO TENOCHTITLAN | D51: 60 | E51: 85 | F51: =E51*0.666*24/72 -> 18.87 | G51: 14 | H51: 0 | I51: 0 | J51: 0 | K51: 0 | L51: 0 | N51: =ROUND((+F51*M51)/100,0) -> 0 | O51: =IF(L51>N51,+L51-N51,0) -> 0 | P51: 14 | Q51: =+P51 -> 14
A52: 120535 | B52: 24 | C52: SANTA MARIA ZACATEPEC | D52: 294 | E52: 475 | F52: =E52*0.666*24/72 -> 105.45 | G52: 70 | H52: 0 | I52: 0 | J52: 0 | K52: 79 | L52: 0 | N52: =ROUND((+F52*M52)/100,0) -> 0 | O52: =IF(L52>N52,+L52-N52,0) -> 0 | P52: 80 | Q52: =+P52 -> 80
A53: 415101 | B53: 17 | C53: ZOCOTEACA DE LEON | D53: 67 | E53: 94 | F53: =E53*0.666*24/72 -> 20.868 | G53: 17 | H53: 0 | I53: 0 | J53: 0 | K53: 17 | L53: 0 | N53: =ROUND((+F53*M53)/100,0) -> 0 | O53: =IF(L53>N53,+L53-N53,0) -> 0 | P53: 18 | Q53: =+P53 -> 18
A54: 415102 | B54: 14 | C54: SANTA MARIA IPALAPA | D54: 71 | E54: 87 | F54: =E54*0.666*24/72 -> 19.314 | G54: 14 | H54: 0 | I54: 0 | J54: 0 | K54: 15 | L54: 0 | N54: =ROUND((+F54*M54)/100,0) -> 0 | O54: =IF(L54>N54,+L54-N54,0) -> 0 | P54: 15 | Q54: =+P54 -> 15
A55: 415103 | B55: 49 | C55: SANTA MARIA EL RINCON | D55: 61 | E55: 85 | F55: =E55*0.666*24/72 -> 18.87 | G55: 15 | H55: 0 | I55: 0 | J55: 0 | K55: 14 | L55: 0 | N55: =ROUND((+F55*M55)/100,0) -> 0 | O55: =IF(L55>N55,+L55-N55,0) -> 0 | P55: 13 | Q55: =+P55 -> 13
... A58: 447106 | B58: 30 | C58: SANTIAGO LLANO GRANDE | D58: 44 | E58: 54 | F58: =E58*0.666*24/72 -> 11.988 | G58: 9 | H58: 0 | I58: 0 | J58: 0 | K58: 8 | L58: 0 | N58: =ROUND((+F58*M58)/100,0) -> 0 | O58: =IF(L58>N58,+L58-N58,0) -> 0 | P58: 10 | Q58: =+P58 -> 10
A59: 469105 | B59: 103 | C59: LAZARO CARDENAS COPALA | D59: 54 | E59: 104 | F59: =E59*0.666*24/72 -> 23.088 | G59: 22 | H59: 0 | I59: 0 | J59: 0 | L59: 0 | N59: =ROUND((+F59*M59)/100,0) -> 0 | O59: =IF(L59>N59,+L59-N59,0) -> 0 | P59: 22 | Q59: =+P59 -> 22
A60: 469104 | B60: 64 | C60: EL RASTROJO | D60: 82 | E60: 125 | F60: =E60*0.666*24/72 -> 27.75 | G60: 19 | H60: 0 | I60: 0 | J60: 0 | K60: 20 | L60: 0 | N60: =ROUND((+F60*M60)/100,0) -> 0 | O60: =IF(L60>N60,+L60-N60,0) -> 0 | P60: 0 | Q60: =+P60 -> 0
A62: T O T A L | C62: =COUNTA(A44:A60) -> 17 | D62: =SUM(D44:D60) -> 1736 | E62: =SUM(E44:E60) -> 2527 | F62: =SUM(F44:F60) -> 560.994 | G62: =SUM(G44:G60) -> 360 | H62: =SUM(H44:H60) -> 0 | I62: =SUM(I44:I60) -> 0 | J62: =SUM(J44:J60) -> 0 | K62: =SUM(K44:K60) -> 315 | ... Q62: =SUM(Q44:Q60) -> 392
A63: OBSERVACIONES:
P64: TOTAL A RECIBIR EN ALMACEN: | Q64: =Q62 -> 392
B66: ALMACEN RURAL : HUAJOLOTITLAN
A69: 22101 | B69: 14 | C69: COSOLTEPEC | D69: 68 | E69: 89 | F69: =E69*0.666*24/72 -> 19.758 | G69: 13 | H69: 0 | I69: 0 | J69: 0 | K69: 13 | L69: 0 | N69: =ROUND((+F69*M69)/100,0) -> 0 | O69: =IF(L69>N69,+L69-N69,0) -> 0 | P69: 14 | Q69: =+P69 -> 14
A70: 39114 | B70: 8 | C70: EL MOLINO HUAJUAPAN | D70: 70 | E70: 92 | F70: =E70*0.666*24/72 -> 20.424 | G70: 6 | H70: 0 | I70: 0 | J70: 0 | K70: 5 | L70: 0 | N70: =ROUND((+F70*M70)/100,0) -> 0 | O70: =IF(L70>N70,+L70-N70,0) -> 0 | P70: 17 | Q70: =+P70 -> 17
A71: 39115 | B71: 108 | C71: COL. BUENA VISTA, HUAJUAPAN | D71: 76 | E71: 101 | F71: =E71*0.666*24/72 -> 22.422 | G71: 14 | H71: 0 | I71: 0 | J71: 0 | K71: 14 | L71: 0 | N71: =ROUND((+F71*M71)/100,0) -> 0 | O71: =IF(L71>N71,+L71-N71,0) -> 0 | P71: 15 | Q71: =+P71 -> 15
A72: 120439 | B72: 85 | C72: HEROICA VILLA TEZOATLAN DE SEGURA Y LUNA, CUNA DE LA INDEPEN | D72: 296 | E72: 457 | F72: =E72*0.666*24/72 -> 101.454 | G72: 60 | H72: 0 | I72: 0 | J72: 0 | K72: 55 | L72: 0 | N72: =ROUND((+F72*M72)/100,0) -> 0 | O72: =IF(L72>N72,+L72-N72,0) -> 0 | P72: 50 | Q72: =+P72 -> 50
A73: 120448 | B73: 21 | C73: SANTIAGO CHAZUMBA | D73: 246 | E73: 385 | F73: =E73*0.666*24/72 -> 85.47 | G73: 72 | H73: 0 | I73: 0 | J73: 0 | K73: 72 | L73: 0 | N73: =ROUND((+F73*M73)/100,0) -> 0 | O73: =IF(L73>N73,+L73-N73,0) -> 0 | P73: 74 | Q73: =+P73 -> 74
A74: 120458 | B74: 31 | C74: SANTIAGO MILTEPEC | D74: 76 | E74: 118 | F74: =E74*0.666*24/72 -> 26.196 | G74: 24 | H74: 0 | I74: 0 | J74: 0 | K74: 24 | L74: 0 | N74: =ROUND((+F74*M74)/100,0) -> 0 | O74: =IF(L74>N74,+L74-N74,0) -> 0 | P74: 6 | Q74: =+P74 -> 6
A75: 165101 | B75: 11 | C75: SAN JOSE AYUQUILA | D75: 45 | E75: 65 | F75: =E75*0.666*24/72 -> 14.43 | G75: 8 | H75: 0 | I75: 0 | J75: 0 | K75: 10 | L75: 0 | N75: =ROUND((+F75*M75)/100,0) -> 0 | O75: =IF(L75>N75,+L75-N75,0) -> 0 | P75: 10 | Q75: =+P75 -> 10
A76: 237101 | B76: 91 | C76: SAN MARCOS ARTEAGA | D76: 65 | E76: 104 | F76: =E76*0.666*24/72 -> 23.088 | G76: 15 | H76: 0 | I76: 0 | J76: 0 | K76: 16 | L76: 0 | N76: =ROUND((+F76*M76)/100,0) -> 0 | O76: =IF(L76>N76,+L76-N76,0) -> 0 | P76: 20 | Q76: =+P76 -> 20
A77: 340102 | B77: 23 | C77: SAN PEDRO Y SAN PABLO TEQUIXTEPEC | D77: 76 | E77: 99 | F77: =E77*0.666*24/72 -> 21.978 | G77: 18 | H77: 0 | I77: 0 | J77: 0 | K77: 18 | L77: 0 | N77: =ROUND((+F77*M77)/100,0) -> 0 | O77: =IF(L77>N77,+L77-N77,0) -> 0 | P77: 19 | Q77: =+P77 -> 19
A78: 400103 | B78: 6 | C78: SANTA MARIA CAMOTLAN | D78: 97 | E78: 107 | F78: =E78*0.666*24/72 -> 23.754 | G78: 0 | H78: 0 | I78: 0 | J78: 0 | K78: 0 | L78: 0 | N78: =ROUND((+F78*M78)/100,0) -> 0 | O78: =IF(L78>N78,+L78-N78,0) -> 0 | P78: 25 | Q78: =+P78 -> 25
A79: 459101 | B79: 24 | C79: SANTO DOMINGO TIANGUISTENGO | D79: 71 | E79: 82 | F79: =E79*0.666*24/72 -> 18.204 | G79: 0 | H79: 0 | I79: 0 | J79: 0 | K79: 0 | L79: 0 | N79: =ROUND((+F79*M79)/100,0) -> 0 | O79: =IF(L79>N79,+L79-N79,0) -> 0 | P79: 23 | Q79: =+P79 -> 23
A80: 549102 | B80: 62 | C80: SAN ANDRES YUTATIIO | D80: 33 | E80: 50 | F80: =E80*0.666*24/72 -> 11.1 | G80: 5 | H80: 0 | I80: 0 | J80: 0 | K80: 5 | L80: 0 | N80: =ROUND((+F80*M80)/100,0) -> 0 | O80: =IF(L80>N80,+L80-N80,0) -> 0 | P80: 5 | Q80: =+P80 -> 5
... A83: 549105 | B83: 118 | C83: GUADALUPE DE CISNEROS | D83: 85 | E83: 130 | F83: =E83*0.666*24/72 -> 28.86 | G83: 22 | H83: 0 | I83: 0 | J83: 0 | K83: 22 | L83: 0 | N83: =ROUND((+F83*M83)/100,0) -> 0 | O83: =IF(L83>N83,+L83-N83,0) -> 0 | P83: 22 | Q83: =+P83 -> 22
A85: T O T A L | C85: =COUNTA(A69:A83) -> 15 | D85: =SUM(D69:D83) -> 1427 | E85: =SUM(E69:E83) -> 2083 | F85: =SUM(F69:F83) -> 462.426 | G85: =SUM(G69:G83) -> 294 | H85: =SUM(H69:H83) -> 0 | I85: =SUM(I69:I83) -> 0 | J85: =SUM(J69:J83) -> 0 | K85: =SUM(K69:K83) -> 283 | ... Q85: =SUM(Q69:Q83) -> 328
A86: OBSERVACIONES: DE LAS CAJAS DE LECHE QUE SE ENCUENTRAN EN EL ALMACEN ENVIAR: 18 CAJAS PARA EL P.V. 2012045800
P87: TOTAL A RECIBIR EN ALMACEN: | Q87: =Q85 -> 328
B89: ALMACEN RURAL : TACACHE DE MINA
A92: 55101 | B92: 17 | C92: MARISCALA DE JUÁREZ | D92: 155 | E92: 227 | F92: 50 | G92: 37 | H92: 0 | I92: 0 | J92: 0 | K92: 37 | L92: 0 | M92: 0 | N92: 0 | O92: 0 | P92: 37 | Q92: =P92 -> 37
A93: 55102 | B93: 95 | C93: SAN PEDRO ATOYAC | D93: 51 | E93: 79 | F93: 50 | G93: 6 | H93: 0 | I93: 0 | J93: 0 | K93: 5 | L93: 0 | M93: 0 | N93: 0 | O93: 0 | P93: 5 | Q93: =P93 -> 5
A94: 290102 | B94: 75 | C94: SAN NICOLAS HIDALGO | D94: 79 | E94: 111 | F94: 50 | G94: 9 | H94: 0 | I94: 0 | J94: 0 | K94: 12 | L94: 0 | M94: 0 | N94: 0 | O94: 0 | P94: 10 | Q94: =P94 -> 10
A96: T O T A L | C96: =COUNTA(A92:A94) -> 3 | D96: =SUM(D92:D94) -> 285 | E96: =SUM(E92:E94) -> 417 | F96: =SUM(F92:F94) -> 150 | G96: =SUM(G92:G94) -> 52 | H96: =SUM(H92:H94) -> 0 | I96: =SUM(I92:I94) -> 0 | J96: =SUM(J92:J94) -> 0 | K96: =SUM(K92:K94) -> 54 | ... Q96: =SUM(Q92:Q94) -> 52
A97: OBSERVACIONES:
P98: TOTAL A RECIBIR EN ALMACEN: | Q98: =Q96 -> 52
B100: ALMACEN RURAL : TLAXIACO
A103: 100426 | B103: 69 | C103: BARRIO SAN SEBASTIAN | D103: 408 | E103: 595 | F103: =E103*0.666*24/72 -> 132.09 | G103: 80 | H103: 0 | I103: 0 | J103: 0 | K103: 86 | L103: 0 | N103: =ROUND((+F103*M103)/100,0) -> 0 | O103: =IF(L103>N103,+L103-N103,0) -> 0 | P103: 89 | Q103: =+P103 -> 89
A104: 120532 | B104: 30 | C104: SANTA CATARINA TAYATA | D104: 69 | E104: 96 | F104: =E104*0.666*24/72 -> 21.312 | G104: 15 | H104: 0 | I104: 0 | J104: 0 | K104: 15 | L104: 0 | N104: =ROUND((+F104*M104)/100,0) -> 0 | O104: =IF(L104>N104,+L104-N104,0) -> 0 | P104: 15 | Q104: =+P104 -> 15
A105: 172101 | B105: 10 | C105: SAN JUAN ACHIUTLA | D105: 62 | E105: 76 | F105: =E105*0.666*24/72 -> 16.872 | G105: 13 | H105: 0 | I105: 0 | J105: 0 | K105: 12 | L105: 0 | N105: =ROUND((+F105*M105)/100,0) -> 0 | O105: =IF(L105>N105,+L105-N105,0) -> 0 | P105: 12 | Q105: =+P105 -> 12
A106: 239101 | B106: 150 | C106: SAN MARTIN HUAMELULPAM | D106: 46 | E106: 66 | F106: =E106*0.666*24/72 -> 14.652 | G106: 7 | H106: 0 | I106: 0 | J106: 0 | K106: 7 | L106: 0 | N106: =ROUND((+F106*M106)/100,0) -> 0 | O106: =IF(L106>N106,+L106-N106,0) -> 0 | P106: 6 | Q106: =+P106 -> 6
A107: 317102 | B107: 8 | C107: SAN PEDRO MARTIR YUCUXACO | D107: 85 | E107: 146 | F107: =E107*0.666*24/72 -> 32.412 | G107: 18 | H107: 0 | I107: 0 | J107: 0 | K107: 17 | L107: 0 | N107: =ROUND((+F107*M107)/100,0) -> 0 | O107: =IF(L107>N107,+L107-N107,0) -> 0 | P107: 18 | Q107: =+P107 -> 18
A108: 346102 | B108: 152 | C108: SAN SEBASTIAN NICANANDUTA | D108: 58 | E108: 66 | F108: =E108*0.666*24/72 -> 14.652 | G108: 9 | H108: 0 | I108: 0 | J108: 0 | K108: 8 | L108: 0 | N108: =ROUND((+F108*M108)/100,0) -> 0 | O108: 0 | P108: 6 | Q108: =+P108 -> 6
A109: 379103 | B109: 15 | C109: SANTA CRUZ NUNDACO | D109: 81 | E109: 91 | F109: =E109*0.666*24/72 -> 20.202 | G109: 5 | H109: 0 | I109: 0 | J109: 0 | K109: 5 | L109: 0 | N109: =ROUND((+F109*M109)/100,0) -> 0 | O109: 0 | P109: 6 | Q109: =+P109 -> 6
A110: 379104 | B110: 135 | C110: SAN ISIDRO VISTA HERMOSA | D110: 61 | E110: 74 | F110: =E110*0.666*24/72 -> 16.428 | G110: 7 | H110: 0 | I110: 0 | J110: 0 | K110: 10 | L110: 0 | N110: =ROUND((+F110*M110)/100,0) -> 0 | O110: 0 | P110: 9 | Q110: =+P110 -> 9
A111: 397104 | B111: 142 | C111: HEROICA CIUDAD DE TLAXIACO | D111: 260 | E111: 381 | F111: =E111*0.666*24/72 -> 84.582 | G111: 50 | H111: 0 | I111: 0 | J111: 0 | K111: 37 | L111: 0 | N111: =ROUND((+F111*M111)/100,0) -> 0 | O111: 0 | P111: 60 | Q111: =+P111 -> 60
A112: 397105 | B112: 83 | C112: BARRIO SAN PEDRO, TLAXIACO | D112: 265 | E112: 375 | F112: =E112*0.666*24/72 -> 83.25 | G112: 35 | H112: 0 | I112: 0 | J112: 0 | K112: 50 | L112: 0 | N112: =ROUND((+F112*M112)/100,0) -> 0 | O112: =IF(L112>N112,+L112-N112,0) -> 0 | P112: 42 | Q112: =+P112 -> 42
A113: 397106 | B113: 153 | C113: BARRIO SAN DIEGO, TLAXIACO | D113: 164 | E113: 237 | F113: =E113*0.666*24/72 -> 52.614 | G113: 16 | H113: 0 | I113: 0 | J113: 0 | K113: 34 | L113: 0 | N113: =ROUND((+F113*M113)/100,0) -> 0 | O113: =IF(L113>N113,+L113-N113,0) -> 0 | P113: 29 | Q113: =+P113 -> 29
A114: 397107 | B114: 167 | C114: EL CAPULIN | D114: 48 | E114: 66 | F114: =E114*0.666*24/72 -> 14.652 | G114: 5 | H114: 0 | I114: 0 | J114: 0 | K114: 7 | L114: 0 | N114: =ROUND((+F114*M114)/100,0) -> 0 | O114: =IF(L114>N114,+L114-N114,0) -> 0 | P114: 7 | Q114: =+P114 -> 7
A115: 397108 | B115: 177 | C115: TEE UJIA PROGRESO | D115: 60 | E115: 75 | F115: =E115*0.666*24/72 -> 16.65 | G115: 7 | H115: 0 | I115: 0 | J115: 0 | K115: 7 | L115: 0 | N115: =ROUND((+F115*M115)/100,0) -> 0 | O115: =IF(L115>N115,+L115-N115,0) -> 0 | P115: 7 | Q115: =+P115 -> 7
A116: 397109 | B116: 21 | C116: CAMPO DE AVIACION , TLAXIACO | D116: 80 | E116: 115 | F116: =E116*0.666*24/72 -> 25.53 | G116: 10 | H116: 0 | I116: 0 | J116: 0 | K116: 16 | L116: 0 | N116: =ROUND((+F116*M116)/100,0) -> 0 | O116: =IF(L116>N116,+L116-N116,0) -> 0 | P116: 17 | Q116: =+P116 -> 17
A117: 397110 | B117: 5 | C117: OJO DE AGUA, TLAXIACO | D117: 83 | E117: 127 | F117: =E117*0.666*24/72 -> 28.194 | G117: 18 | H117: 0 | I117: 0 | J117: 0 | K117: 18 | L117: 0 | N117: =ROUND((+F117*M117)/100,0) -> 0 | O117: =IF(L117>N117,+L117-N117,0) -> 0 | P117: 19 | Q117: =+P117 -> 19
A118: 480101 | B118: 166 | C118: SANTIAGO NUNDICHE | D118: 66 | E118: 91 | F118: =E118*0.666*24/72 -> 20.202 | G118: 11 | H118: 0 | I118: 0 | J118: 0 | K118: 11 | L118: 0 | N118: =ROUND((+F118*M118)/100,0) -> 0 | O118: 0 | P118: 9 | Q118: =+P118 -> 9
A119: 499102 | B119: 95 | C119: SANTIAGO YOLOMECATL | D119: 124 | E119: 171 | F119: =E119*0.666*24/72 -> 37.962 | G119: 26 | H119: 0 | I119: 0 | J119: 0 | K119: 25 | L119: 0 | N119: =ROUND((+F119*M119)/100,0) -> 0 | O119: =IF(L119>N119,+L119-N119,0) -> 0 | P119: 23 | Q119: =+P119 -> 23
A120: 532101 | B120: 18 | C120: SANTO TOMAS OCOTEPEC | D120: 100 | E120: 138 | F120: =E120*0.666*24/72 -> 30.636 | G120: 18 | H120: 0 | I120: 0 | J120: 0 | K120: 20 | L120: 0 | N120: =ROUND((+F120*M120)/100,0) -> 0 | O120: 0 | P120: 19 | Q120: =+P120 -> 19
A122: T O T A L | C122: =COUNTA(A103:A120) -> 18 | D122: =SUM(D103:D120) -> 2120 | E122: =SUM(E103:E120) -> 2986 | F122: =SUM(F103:F120) -> 662.892 | G122: =SUM(G103:G120) -> 350 | H122: =SUM(H103:H120) -> 0 | I122: =SUM(I103:I120) -> 0 | J122: =SUM(J103:J120) -> 0 | K122: =SUM(K103:K120) -> 385 | ... Q122: =SUM(Q103:Q120) -> 393
A123: OBSERVACIONES: DE LAS CAJAS DE LECHE QUE SE ENCUENTRAN EN EL ALMACEN ENVIAR: 05 CAJAS PARA EL P.V. 2039710500
P124: TOTAL A RECIBIR EN ALMACEN: | Q124: =Q122 -> 393
AC125: 37 | AD125: =+AB125+AC125 -> 37
B126: ALMACEN RURAL : TECOMAXTLAHUACA | Q126: =+Q124-216 -> 177
A129: 120297 | B129: 50 | C129: SANTIAGO JUXTLAHUACA | D129: 393 | E129: 713 | F129: =E129*0.666*24/72 -> 158.286 | G129: 100 | H129: 0 | I129: 0 | J129: 0 | K129: 85 | L129: 0 | N129: =ROUND((+F129*M129)/100,0) -> 0 | O129: 0 | P129: 100 | Q129: =+P129 -> 100
A130: 469106 | B130: 121 | C130: YOSOYUXI COPALA | D130: 65 | E130: 104 | F130: =E130*0.666*24/72 -> 23.088 | G130: 23 | H130: 0 | I130: 0 | J130: 0 | K130: 23 | L130: 0 | N130: =ROUND((+F130*M130)/100,0) -> 0 | O130: 0 | P130: 22 | Q130: =+P130 -> 22
A131: 520102 | B131: 70 | C131: STO. DGO. TONALA | D131: 157 | E131: 262 | F131: =E131*0.666*24/72 -> 58.164 | G131: 40 | H131: 0 | I131: 0 | J131: 0 | K131: 40 | L131: 0 | N131: =ROUND((+F131*M131)/100,0) -> 0 | O131: 0 | P131: 40 | Q131: =+P131 -> 40
...

Sheet TOTAL
A1: LECHE PARA EL BIENESTAR, S.A. DE C.V.
A2: GERENCIA ESTATAL OAXACA
A3: DEPARTAMENTO DE DISTRIBUCIÓN Y TRANSPORTACIÓN
A4: =+'POR ALMACEN'!A4 -> REQUERIMIENTO DE LECHE EN POLVO CORRESPONDIENTE AL MES DE MARZO DEL 2026.
A5: LECHERIAS INCORPORADAS AL CONVENIO LECHE PARA EL BIENESTAR-ALIMENTACION PARA EL BIENESTAR Precio $6.50 Lt. COD:1360
A7: ALMACEN DICONSA | C7: NUMERO DE TIENDAS | D7: PADRÓN | F7: DOTACION MENSUAL TEOR. | G7: SOBRANTE EN ALMACEN RURAL | H7: * REQUERIMIENTO * | J7: TOTALES POR SUCURSALES RURALES
D8: FAM. | E8: BENEF. | H8: CAJAS | I8: CAJAS A ENVIAR A ALMC. RURAL
A11: SUCURSAL HUAJUAPAN | J11: =SUM(I13:I20) -> 1812
B13: CHALCATONGO | C13: =+'POR ALMACEN'!C22 -> 7 | D13: =+'POR ALMACEN'!D22 -> 864 | E13: =+'POR ALMACEN'!E22 -> 1153 | F13: =+'POR ALMACEN'!F22 -> 255.966 | G13: 0 | H13: =+'POR ALMACEN'!P22 -> 147 | I13: =H13-G13 -> 147
B14: COIXTLAHUACA | C14: =+'POR ALMACEN'!C37 -> 6 | D14: =+'POR ALMACEN'!D37 -> 702 | E14: =+'POR ALMACEN'!E37 -> 1054 | F14: =+'POR ALMACEN'!F37 -> 233.988 | G14: 0 | H14: =+'POR ALMACEN'!P37 -> 106 | I14: =H14-G14 -> 106
B15: CONSTANCIA DEL ROSARIO | C15: =+'POR ALMACEN'!C62 -> 17 | D15: =+'POR ALMACEN'!D62 -> 1736 | E15: =+'POR ALMACEN'!E62 -> 2527 | F15: =+'POR ALMACEN'!F62 -> 560.994 | G15: 0 | H15: =+'POR ALMACEN'!P62 -> 392 | I15: =H15-G15 -> 392
B16: HUAJOLOTITLAN | C16: =+'POR ALMACEN'!C85 -> 15 | D16: =+'POR ALMACEN'!D85 -> 1427 | E16: =+'POR ALMACEN'!E85 -> 2083 | F16: =+'POR ALMACEN'!F85 -> 462.426 | G16: 0 | H16: =+'POR ALMACEN'!P85 -> 328 | I16: =H16-G16 -> 328
B17: TACACHE DE MINA | C17: =+'POR ALMACEN'!C96 -> 3 | D17: =+'POR ALMACEN'!D96 -> 285 | E17: =+'POR ALMACEN'!E96 -> 417 | F17: =+'POR ALMACEN'!F96 -> 150 | G17: 0 | H17: =+'POR ALMACEN'!P96 -> 52 | I17: =H17-G17 -> 52
B18: TLAXIACO | C18: =+'POR ALMACEN'!C122 -> 18 | D18: =+'POR ALMACEN'!D122 -> 2120 | E18: =+'POR ALMACEN'!E122 -> 2986 | F18: =+'POR ALMACEN'!F122 -> 662.892 | G18: 0 | H18: =+'POR ALMACEN'!P122 -> 393 | I18: =H18-G18 -> 393
B19: TECOMAXTLAHUACA | C19: =+'POR ALMACEN'!C133 -> 3 | D19: =+'POR ALMACEN'!D133 -> 615 | E19: =+'POR ALMACEN'!E133 -> 1079 | F19: =+'POR ALMACEN'!F133 -> 239.538 | G19: 0 | H19: =+'POR ALMACEN'!P133 -> 162 | I19: =H19-G19 -> 162
B20: YANHUITLAN | C20: =+'POR ALMACEN'!C153 -> 12 | D20: =+'POR ALMACEN'!D153 -> 1083 | E20: =+'POR ALMACEN'!E153 -> 1512 | F20: =+'POR ALMACEN'!F153 -> 335.664 | G20: 0 | H20: =+'POR ALMACEN'!P153 -> 232 | I20: =H20-G20 -> 232
A22: SUCURSAL ISTMO-COSTA | J22: =SUM(I24:I33) -> 2821
B24: MORRO MAZATAN | C24: =+'POR ALMACEN'!C170 -> 9 | D24: =+'POR ALMACEN'!D170 -> 1485 | E24: =+'POR ALMACEN'!E170 -> 2139 | F24: =+'POR ALMACEN'!F170 -> 474.858 | G24: 0 | H24: =+'POR ALMACEN'!P170 -> 424 | I24: =H24-G24 -> 424
B25: PALOMARES | C25: =+'POR ALMACEN'!C191 -> 11 | D25: =+'POR ALMACEN'!D191 -> 846 | E25: =+'POR ALMACEN'!E191 -> 1268 | F25: =+'POR ALMACEN'!F191 -> 281.496 | G25: 0 | H25: =+'POR ALMACEN'!P191 -> 94 | I25: =H25-G25 -> 94
B26: SANTIAGO LAOLLAGA | C26: =+'POR ALMACEN'!C206 -> 7 | D26: =+'POR ALMACEN'!D206 -> 677 | E26: =+'POR ALMACEN'!E206 -> 1019 | F26: =+'POR ALMACEN'!F206 -> 226.218 | G26: 0 | H26: =+'POR ALMACEN'!P206 -> 122 | I26: =H26-G26 -> 122
B27: SANTIAGO NILTEPEC | C27: =+'POR ALMACEN'!C236 -> 22 | D27: =+'POR ALMACEN'!D236 -> 1718 | E27: =+'POR ALMACEN'!E236 -> 2563 | F27: =+'POR ALMACEN'!F236 -> 568.986 | G27: 0 | H27: =+'POR ALMACEN'!P236 -> 333 | I27: =H27-G27 -> 333
B28: EL TOMATAL | C28: =+'POR ALMACEN'!C261 -> 15 | D28: =+'POR ALMACEN'!D261 -> 2496 | E28: =+'POR ALMACEN'!E261 -> 3906 | F28: =+'POR ALMACEN'!F261 -> 867.132 | G28: 0 | H28: =+'POR ALMACEN'!P261 -> 587 | I28: =H28-G28 -> 587
B29: HUAXPALTEPEC | C29: =+'POR ALMACEN'!C301 -> 29 | D29: =+'POR ALMACEN'!D301 -> 3474 | E29: =+'POR ALMACEN'!E301 -> 5302 | F29: =+'POR ALMACEN'!F301 -> 1177.044 | G29: 0 | H29: =+'POR ALMACEN'!P301 -> 728 | I29: =H29-G29 -> 728
B30: SANTA MARIA HUATULCO | C30: =+'POR ALMACEN'!C321 -> 11 | D30: =+'POR ALMACEN'!D321 -> 1165 | E30: =+'POR ALMACEN'!E321 -> 1664 | F30: =+'POR ALMACEN'!F321 -> 369.408 | G30: 0 | H30: =+'POR ALMACEN'!P321 -> 162 | I30: =H30-G30 -> 162
B31: LA REFORMA YAUTEPEC | C31: =+'POR ALMACEN'!C337 -> 7 | D31: =+'POR ALMACEN'!D337 -> 600 | E31: =+'POR ALMACEN'!E337 -> 858 | F31: =+'POR ALMACEN'!F337 -> 190.476 | G31: 0 | H31: =+'POR ALMACEN'!P337 -> 125 | I31: =H31-G31 -> 125
B32: LOS IDEALES | C32: =+'POR ALMACEN'!C345 -> 0 | D32: =+'POR ALMACEN'!D345 -> 0 | E32: =+'POR ALMACEN'!E345 -> 0 | F32: =+'POR ALMACEN'!F345 -> 0 | G32: 0 | H32: =+'POR ALMACEN'!P345 -> 0 | I32: =H32-G32 -> 0
B33: PUEBLO NUEVO | C33: =+'POR ALMACEN'!C364 -> 11 | D33: =+'POR ALMACEN'!D364 -> 934 | E33: =+'POR ALMACEN'!E364 -> 1512 | F33: =+'POR ALMACEN'!F364 -> 335.664 | G33: 0 | H33: =+'POR ALMACEN'!P364 -> 246 | I33: =H33-G33 -> 246
A35: SUCURSAL V. CENTRAL | J35: =SUM(I37:I48) -> 1149
B37: VALLES CENTRALES | C37: =+'POR ALMACEN'!C379 -> 5 | D37: =+'POR ALMACEN'!D379 -> 367 | E37: =+'POR ALMACEN'!E379 -> 523 | F37: =+'POR ALMACEN'!F379 -> 116.106 | G37: 0 | H37: =+'POR ALMACEN'!P379 -> 37 | I37: =H37-G37 -> 37
B38: SAN ANDRES HIDALGO | C38: =+'POR ALMACEN'!C391 -> 4 | D38: =+'POR ALMACEN'!D391 -> 310 | E38: =+'POR ALMACEN'!E391 -> 418 | F38: =+'POR ALMACEN'!F391 -> 92.796 | G38: 0 | H38: =+'POR ALMACEN'!P391 -> 58 | I38: =H38-G38 -> 58
B39: SAN JOSE DEL CHILAR | C39: =+'POR ALMACEN'!C405 -> 4 | D39: =+'POR ALMACEN'!D405 -> 423 | E39: =+'POR ALMACEN'!E405 -> 704 | F39: =+'POR ALMACEN'!F405 -> 156.288 | G39: 0 | H39: =+'POR ALMACEN'!P405 -> 103 | I39: =H39-G39 -> 103
B40: TEOTITLAN DE FLORES MAGON | C40: =+'POR ALMACEN'!C419 -> 6 | D40: =+'POR ALMACEN'!D419 -> 754 | E40: =+'POR ALMACEN'!E419 -> 1037 | F40: =+'POR ALMACEN'!F419 -> 230.214 | G40: 0 | H40: =+'POR ALMACEN'!P419 -> 160 | I40: =H40-G40 -> 160
B41: AYUTLA MIXES | C41: =+'POR ALMACEN'!C432 -> 5 | D41: =+'POR ALMACEN'!D432 -> 478 | E41: =+'POR ALMACEN'!E432 -> 643 | F41: =+'POR ALMACEN'!F432 -> 126.096 | G41: 0 | H41: =+'POR ALMACEN'!P432 -> 107 | I41: =H41-G41 -> 107
B42: IXTLAN DE JUAREZ | C42: =+'POR ALMACEN'!C451 -> 11 | D42: =+'POR ALMACEN'!D451 -> 676 | E42: =+'POR ALMACEN'!E451 -> 922 | F42: =+'POR ALMACEN'!F451 -> 204.684 | G42: 0 | H42: =+'POR ALMACEN'!P451 -> 166 | I42: =H42-G42 -> 166
B43: MAGDALENA OCOTLAN | C43: =+'POR ALMACEN'!C464 -> 5 | D43: =+'POR ALMACEN'!D464 -> 202 | E43: =+'POR ALMACEN'!E464 -> 261 | F43: ='POR ALMACEN'!F464 -> 57.942 | G43: 0 | H43: =+'POR ALMACEN'!P464 -> 40 | I43: =H43-G43 -> 40
B44: SANTO TOMAS TAMAZULAPAN | C44: =+'POR ALMACEN'!C483 -> 11 | D44: =+'POR ALMACEN'!D483 -> 1253 | E44: =+'POR ALMACEN'!E483 -> 1839 | F44: =+'POR ALMACEN'!F483 -> 408.258 | G44: 0 | H44: =+'POR ALMACEN'!P483 -> 157 | I44: =H44-G44 -> 157
B45: SAN PEDRO JUCHATENGO | C45: =+'POR ALMACEN'!C499 -> 7 | D45: =+'POR ALMACEN'!D499 -> 969 | E45: =+'POR ALMACEN'!E499 -> 1543 | F45: =+'POR ALMACEN'!F499 -> 342.546 | G45: 0 | H45: =+'POR ALMACEN'!P499 -> 240 | I45: =H45-G45 -> 240
B46: SANTA MARIA LACHIXIO | C46: =+'POR ALMACEN'!C511 -> 3 | D46: =+'POR ALMACEN'!D511 -> 142 | E46: =+'POR ALMACEN'!E511 -> 206 | F46: =+'POR ALMACEN'!F511 -> 45.732 | G46: 0 | H46: =+'POR ALMACEN'!P511 -> 34 | I46: =H46-G46 -> 34
B47: MATATLAN | C47: =+'POR ALMACEN'!C521 -> 2 | D47: =+'POR ALMACEN'!D521 -> 148 | E47: =+'POR ALMACEN'!E521 -> 211 | F47: =+'POR ALMACEN'!F521 -> 46.842 | G47: 0 | H47: =+'POR ALMACEN'!P521 -> 20 | I47: =H47-G47 -> 20
B48: CUAJIMOLOYAS | C48: =+'POR ALMACEN'!C533 -> 4 | D48: =+'POR ALMACEN'!D533 -> 209 | E48: =+'POR ALMACEN'!E533 -> 261 | F48: =+'POR ALMACEN'!F533 -> 57.942 | G48: 0 | H48: =+'POR ALMACEN'!P533 -> 27 | I48: =H48-G48 -> 27
A50: =COUNTA(B13:B47) -> 29 | B50: ALMACENES TOTALES | C50: =SUM(C12:C49) -> 270 | D50: =SUM(D11:D49) -> 28158 | E50: =SUM(E11:E49) -> 41610 | F50: =SUM(F11:F49) -> 9278.196 | G50: =SUM(G11:G49) -> 0 | H50: =SUM(H11:H49) -> 5782 | J50: =SUM(J11:J48) -> 5782
L52: =+J11+J22+J35 -> 5782 | N52: =58+103+160+728+587+240+162+384+125+424+122+333+147+328+393+18+232+106+162+52+8+246+37+20+166+107+8+27+157+40+8+94 -> 5782 | P52: =+L52-N52 -> 0
