Workbook
Name AA: #REF!
Name AAA: #REF!
Name ACTUAL: #REF!
Name AL: #REF!
Name ALAN: #REF!
Name ALEX: #REF!
Name ALEXA: #REF!
Name ALLAN: #REF!
Name ALMA: #REF!
Name AMA: #REF!
Name AMB: #REF!
Name AMBAR: #REF!
Name AMBRE: #REF!
Name ANA: #REF!
Name AP: #REF!
Name AX: #REF!
Name AXA: #REF!
Name AXE: #REF!
Name BA: #REF!
Name BASE: #REF!
Name BB: #REF!
Name BEN: #REF!
Name BENEF: #REF!
Name CASA: #REF!
Name CAT: #REF!
Name CATA: #REF!
Name CC: #REF!
Name color: #REF!
Name DA: #REF!
Name DAM: #REF!
Name DAMO: #REF!
Name DAT: #REF!
Name DATA: #REF!
Name DATAS: #REF!
Name DATIS: #REF!
Name DATOS: #REF!
Name DATOS: #REF!
Name DATOS1: #REF!
Name DD: #REF!
Name DEY: #REF!
Name DEYSI: #REF!
Name DICE: #REF!
Name DUAL: #REF!
Name EDI: #REF!
Name FAM: #REF!
Name HERI: #REF!
Name HOLA: #REF!
Name HOLAS: #REF!
Name HOLIS: #REF!
Name INF: #REF!
Name LALO: #REF!
Name LECHE: #REF!
Name LECHERIA: #REF!
Name libreta: #REF!
Name MAMA: #REF!
Name MAR: #REF!
Name MARBE: #REF!
Name MARBELLA: #REF!
Name MARIO: #REF!
Name MARTE: #REF!

Sheet catabril26
A1: AMB | B1: TIPO | C1: PRESE | D1: ZONA | E1: RUTA | F1: PRECIO | G1: PTO_VTA | H1: LECHERIA | I1: FAMILIAS | J1: MENORES | K1: ADULTOS | L1: BENEFICIARIOS | M1: LEC_AGEB_LOC_MUN_NUMERO | N1: MUN | O1: LEC_AGEB_LOC_NUMERO | P1: LOC | Q1: ' | R1: AMBITO | S1: '' | T1: NV | U1: ' | V1: NVM | W1: ' | X1: SUBSTR(LEC_CALLE_NUMERO,1,55) | Y1: ' | Z1: SUBSTR(LEC_COLONIA,1,42) | AA1: ' | AB1: SUBSTR(LEC_REFERENCIA_UBICACION,1,36 | AC1: ' | AD1: CP | AE1: '' | AF1: OTROP | AG1: '' | AH1: SUBSTR(TO_ | AI1: PRESE | AJ1: '' | AK1: PRESEN | AL1: '' | AM1: TPL_NUMERO | AN1: SUBSTR(TPL_DESCRIPCI | AO1: '' | AP1: REF_NUMERO | AQ1: SUBSTR(REF_DESCRI | AR1: PMT_NUMERO | AS1: SUBSTR(PMT_DESCRIPCIONL,1,60) | AT1: LEC_CONC_NUMERO | AU1: CONC_DESCRIPCIONL | AV1: TO_CH | AW1: TO_CH | AX1: LEC_COORDENADA_Y | AY1: LEC_COORDENADA_X
A2: R | B2: TD | C2: P | D2: 5 | E2: 1 | F2: 6.5 | G2: 2000210200 | H2: 2102 | I2: 111 | J2: 64 | K2: 104 | L2: =J2+K2 -> 168 | M2: 2 | N2: ACATLÁN DE PÉREZ FIGUEROA | O2: 19 | P2: JOLIETTE | R2: RURAL | T2: 2 | V2: ALTA | X2: DIAZ MIRON S/N | Z2: CENTRO | AB2: FRENTE A LA IGLESIA CATOLICA. | AD2: 68420 | AF2: EN OPERACION | AH2: 34690 | AI2: POLVO | AK2: CON VENTA DE BASICOS | AM2: 6 | AN2: TIENDA | AP2: 3 | AQ2: DICONSA | AR2: 3094 | AS2: FLORES SANTIAGO HECTOR DANIEL | AT2: 1 | AU2: NOMBRE CONCESIONARIO | AV2: 0.33333333 | AW2: 0.5625
A3: R | B3: TD | C3: P | D3: 3 | E3: 4 | F3: 6.5 | G3: 2000510100 | H3: 5101 | I3: 101 | J3: 71 | K3: 112 | L3: =J3+K3 -> 183 | M3: 5 | N3: ASUNCIÓN IXTALTEPEC | O3: 15 | P3: SANTIAGO IXTALTEPEC | R3: RURAL | T3: 3 | V3: MEDIA | X3: BENITO JUAREZ ESQ 10 DE ABRIL | Z3: CENTRO | AB3: FRENTE AL AUDITORIO MUNICIPAL | AD3: 70140 | AF3: EN OPERACION | AH3: 37455 | AI3: POLVO | AK3: CON VENTA DE BASICOS | AM3: 6 | AN3: TIENDA | AP3: 3 | AQ3: DICONSA | AR3: 3108 | AS3: MIGUEL ANGEL MARTINEZ PURA | AT3: 1 | AU3: NOMBRE CONCESIONARIO | AV3: 0.375 | AW3: 0.58333333
A4: R | B4: TD | C4: P | D4: 3 | E4: 4 | F4: 6.5 | G4: 2000510200 | H4: 5102 | I4: 82 | J4: 80 | K4: 50 | L4: =J4+K4 -> 130 | M4: 5 | N4: ASUNCIÓN IXTALTEPEC | O4: 7 | P4: LAZARO CARDENAS | R4: RURAL | T4: 2 | V4: ALTA | X4: NIÑO ARTILLERO S/N | Z4: LAZARO CARDENAS | AB4: AV. IGNACIO ZARAGOZA Y AV, BENITO JU | AD4: 70145 | AF4: EN OPERACION | AH4: 45043 | AI4: POLVO | AK4: CON VENTA DE BASICOS | AM4: 6 | AN4: TIENDA | AP4: 3 | AQ4: DICONSA | AR4: 3108 | AS4: MIGUEL ANGEL MARTINEZ PURA | AT4: 1 | AU4: NOMBRE CONCESIONARIO | AV4: 0.375 | AW4: 0.58333333
A5: R | B5: TD | C5: P | D5: 3 | E5: 3 | F5: 6.5 | G5: 2000510300 | H5: 5103 | I5: 339 | J5: 147 | K5: 328 | L5: =J5+K5 -> 475 | M5: 5 | N5: ASUNCIÓN IXTALTEPEC | O5: 1 | P5: ASUNCION IXTALTEPEC | R5: RURAL | T5: 3 | V5: MEDIA | X5: CANAL 33 S/N | Z5: ASUNCIÓN IXTALTEPEC (TERCERA SECCIÓN) | AB5: LA LECHERÍA SE UBICARÁ EN LA TIENDA | AD5: 70140 | AF5: EN OPERACION | AH5: 45624 | AI5: POLVO | AK5: CON VENTA DE BASICOS | AM5: 6 | AN5: TIENDA | AP5: 3 | AQ5: DICONSA | AR5: 3148 | AS5: CARPIO RITO JOSE LEONARDO | AT5: 208781 | AU5: SANCHEZ HERNANDEZ LUCILA | AV5: 0.375 | AW5: 0.58333333
A6: R | B6: TD | C6: P | D6: 5 | E6: 2 | F6: 6.5 | G6: 2000910200 | H6: 9102 | I6: 91 | J6: 107 | K6: 68 | L6: =J6+K6 -> 175 | M6: 9 | N6: AYOTZINTEPEC | O6: 1 | P6: AYOTZINTEPEC | R6: RURAL | T6: 2 | V6: ALTA | X6: 5 DE MAYO S/N | Z6: AYOTZINTEPEC | AB6: CALLE MORELOS Y CALLE JOSEFA ORTIZ D | AD6: 68435 | AF6: EN OPERACION | AH6: 44799 | AI6: POLVO | AK6: CON VENTA DE BASICOS | AM6: 6 | AN6: TIENDA | AP6: 3 | AQ6: DICONSA | AR6: 3059 | AS6: PEREZ DOMINGUEZ SILVIA | AT6: 1 | AU6: NOMBRE CONCESIONARIO | AV6: 0.375 | AW6: 0.58333333
A7: R | B7: TD | C7: P | D7: 5 | E7: 2 | F7: 6.5 | G7: 2000910300 | H7: 9103 | I7: 51 | J7: 29 | K7: 57 | L7: =J7+K7 -> 86 | M7: 9 | N7: AYOTZINTEPEC | O7: 13 | P7: SAN JOSE MANO MARQUES | R7: RURAL | T7: 2 | V7: ALTA | X7: FRANCISCO VILLA S/N | Z7: SAN JOSÉ MANO MARQUÉS | AB7: CERCA DEL TANQUE ELEVADO | AD7: 68438 | AF7: EN OPERACION | AH7: 45863 | AI7: POLVO | AK7: CON VENTA DE BASICOS | AM7: 6 | AN7: TIENDA | AP7: 3 | AQ7: DICONSA | AR7: 3059 | AS7: PEREZ DOMINGUEZ SILVIA | AT7: 208653 | AU7: PERALTA REYES RAMIRO | AV7: 0.375 | AW7: 0.58333333
A8: R | B8: TD | C8: P | D8: 3 | E8: 4 | F8: 6.5 | G8: 2001010400 | H8: 10104 | I8: 36 | J8: 16 | K8: 45 | L8: =J8+K8 -> 61 | M8: 10 | N8: EL BARRIO DE LA SOLEDAD | O8: 13 | P8: RIO GRANDE | R8: RURAL | T8: 4 | V8: BAJA | X8: BENITO JUÁREZ S/N | Z8: RIO GRANDE | AB8: CALLE PRIMERO DE MAYO Y CALLE BENITO | AD8: 70382 | AF8: EN OPERACION | AH8: 44825 | AI8: POLVO | AK8: CON VENTA DE BASICOS | AM8: 6 | AN8: TIENDA | AP8: 3 | AQ8: DICONSA | AR8: 3108 | AS8: MIGUEL ANGEL MARTINEZ PURA | AT8: 1 | AU8: NOMBRE CONCESIONARIO | AV8: 0.375 | AW8: 0.58333333
A9: R | B9: TD | C9: P | D9: 3 | E9: 4 | F9: 6.5 | G9: 2001010500 | H9: 10105 | I9: 87 | J9: 47 | K9: 84 | L9: =J9+K9 -> 131 | M9: 10 | N9: EL BARRIO DE LA SOLEDAD | O9: 3 | P9: ALMOLOYA DE GUTIERREZ | R9: RURAL | T9: 2 | V9: ALTA | X9: REVOLUCIÓN S/N | Z9: ALMOLOYA DE GUTIÉRREZ | AB9: EN LA TIENDA DICONSA 34, EN FRENTE D | AD9: 70391 | AF9: EN OPERACION | AH9: 45377 | AI9: POLVO | AK9: CON VENTA DE BASICOS | AM9: 6 | AN9: TIENDA | AP9: 3 | AQ9: DICONSA | AR9: 3108 | AS9: MIGUEL ANGEL MARTINEZ PURA | AT9: 208935 | AU9: GARCIA MENDEZ MARIA | AV9: 0.375 | AW9: 0.58333333
A10: R | B10: TD | C10: P | D10: 4 | E10: 8 | F10: 6.5 | G10: 2002210100 | H10: 22101 | I10: 67 | J10: 20 | K10: 65 | L10: =J10+K10 -> 85 | M10: 22 | N10: COSOLTEPEC | O10: 1 | P10: COSOLTEPEC | R10: RURAL | T10: 3 | V10: MEDIA | X10: MIGUEL HIDALGO S/N | Z10: CENTRO, COSOLTEPEC | AB10: AVE. 16 DE SEPTIEMBRE Y AVE. 5 DE FE | AD10: 69020 | AF10: EN OPERACION | AH10: 44105 | AI10: POLVO | AK10: CON VENTA DE BASICOS | AM10: 6 | AN10: TIENDA | AP10: 3 | AQ10: DICONSA | AR10: 3128 | AS10: VIANNY YAZMIN VELASCO MATUS | AT10: 1 | AU10: NOMBRE CONCESIONARIO | AV10: 0.375 | AW10: 0.58333333
A11: R | B11: TD | C11: P | D11: 7 | E11: 3 | F11: 6.5 | G11: 2002810600 | H11: 28106 | I11: 33 | J11: 23 | K11: 25 | L11: =J11+K11 -> 48 | M11: 28 | N11: HEROICA CIUDAD DE EJUTLA DE CRESPO | O11: 7 | P11: MONTE DEL TORO | R11: RURAL | T11: 2 | V11: ALTA | X11: CENTRAL S/N | Z11: CENTRO MONTE DEL TORO | AB11: CALLE NINGUNO Y CALLE NINGUNO | AD11: 71502 | AF11: EN OPERACION | AH11: 43987 | AI11: POLVO | AK11: CON VENTA DE BASICOS | AM11: 6 | AN11: TIENDA | AP11: 3 | AQ11: DICONSA | AR11: 4517 | AS11: FLORES LOPEZ JUAN EDGAR | AT11: 1 | AU11: NOMBRE CONCESIONARIO | AV11: 0.375 | AW11: 0.54166667
A12: R | B12: TD | C12: P | D12: 6 | E12: 2 | F12: 6.5 | G12: 2003110400 | H12: 31104 | I12: 50 | J12: 38 | K12: 31 | L12: =J12+K12 -> 69 | M12: 31 | N12: TAMAZULÁPAM DEL ESPÍRITU SANTO | O12: 1 | P12: TAMAZULAPAM DEL ESPIRITU SANTO | R12: RURAL | T12: 2 | V12: ALTA | X12: PROGRESO S/N | Z12: CENTRO TAMAZULAPAN | AB12: CALLE ZEMPOALTEPETL Y CALLE NINGUNO | AD12: 70280 | AF12: EN OPERACION | AH12: 43815 | AI12: POLVO | AK12: CON VENTA DE BASICOS | AM12: 6 | AN12: TIENDA | AP12: 3 | AQ12: DICONSA | AR12: 3039 | AS12: SANTOS PINELO FLOR MAGDALENA | AT12: 1 | AU12: NOMBRE CONCESIONARIO | AV12: 0.375 | AW12: 0.54166667
A13: R | B13: TD | C13: P | D13: 4 | E13: 7 | F13: 6.5 | G13: 2003911400 | H13: 39114 | I13: 75 | J13: 41 | K13: 57 | L13: =J13+K13 -> 98 | M13: 39 | N13: HEROICA CIUDAD DE HUAJUAPAN DE LEÓN | O13: 15 | P13: EL MOLINO | R13: RURAL | T13: 2 | V13: ALTA | X13: GUADALUPE VÍCTORIA S/N | Z13: CENTRO, EL MOLINO | AB13: CALLE FERNANDO SOLANA GÓMEZ | AD13: 69009 | AF13: EN OPERACION | AH13: 44004 | AI13: POLVO | AK13: CON VENTA DE BASICOS | AM13: 6 | AN13: TIENDA | AP13: 3 | AQ13: DICONSA | AR13: 3146 | AS13: FELIPE ROMERO GONZALEZ | AT13: 1 | AU13: NOMBRE CONCESIONARIO | AV13: 0.375 | AW13: 0.54166667
... A26: R | B26: TD | C26: P | D26: 3 | E26: 3 | F26: 6.5 | G26: 2005310200 | H26: 53102 | I26: 25 | J26: 13 | K26: 30 | L26: =J26+K26 -> 43 | M26: 53 | N26: MAGDALENA TLACOTEPEC | O26: 1 | P26: MAGDALENA TLACOTEPEC | R26: RURAL | T26: 2 | V26: ALTA | X26: 3 DE MAYO S/N | Z26: MAGDALENA TLACOTEPEC | AB26: CALLE ITURBIDE Y CALLE EMILIANO ZAPA | AD26: 70746 | AF26: EN OPERACION | AH26: 44952 | AI26: POLVO | AK26: CON VENTA DE BASICOS | AM26: 6 | AN26: TIENDA | AP26: 3 | AQ26: DICONSA | AR26: 3148 | AS26: CARPIO RITO JOSE LEONARDO | AT26: 1 | AU26: NOMBRE CONCESIONARIO | AV26: 0.375 | AW26: 0.58333333
A27: R | B27: TD | C27: P | D27: 4 | E27: 9 | F27: 6.5 | G27: 2005510100 | H27: 55101 | I27: 140 | J27: 74 | K27: 133 | L27: =J27+K27 -> 207 | M27: 55 | N27: MARISCALA DE JUÁREZ | O27: 1 | P27: MARISCALA DE JUAREZ | R27: RURAL | T27: 3 | V27: MEDIA | X27: RICARDO FLORES MAGÓN SIN NUMERO | Z27: CENTRO | AB27: ENTRE CALLE BENITO JUÁREZ Y CALLE CO | AD27: 69250 | AF27: EN OPERACION | AH27: 40416 | AI27: POLVO | AK27: CON VENTA DE BASICOS | AM27: 6 | AN27: TIENDA | AP27: 3 | AQ27: DICONSA | AR27: 3142 | AS27: LORENA MAGDANELA MARTÍNEZ MARTÍNEZ | AT27: 1 | AU27: NOMBRE CONCESIONARIO
A28: R | B28: TD | C28: P | D28: 4 | E28: 9 | F28: 6.5 | G28: 2005510200 | H28: 55102 | I28: 51 | J28: 36 | K28: 43 | L28: =J28+K28 -> 79 | M28: 55 | N28: MARISCALA DE JUÁREZ | O28: 6 | P28: SAN PEDRO ATOYAC | R28: RURAL | T28: 2 | V28: ALTA | X28: BENITO JUÁREZ S/N | Z28: SAN PEDRO ATOYAC | AB28: EN LA TIENDA DICONSA NÚMERO 95, UNA | AD28: 69254 | AF28: EN OPERACION | AH28: 45337 | AI28: POLVO | AK28: CON VENTA DE BASICOS | AM28: 6 | AN28: TIENDA | AP28: 3 | AQ28: DICONSA | AR28: 3142 | AS28: LORENA MAGDANELA MARTÍNEZ MARTÍNEZ | AT28: 96152 | AU28: INES ANA GARCIA MORALES | AV28: 0.375 | AW28: 0.58333333
A29: R | B29: TD | C29: P | D29: 3 | E29: 4 | F29: 6.5 | G29: 2005710200 | H29: 57102 | I29: 150 | J29: 81 | K29: 109 | L29: =J29+K29 -> 190 | M29: 57 | N29: MATÍAS ROMERO AVENDAÑO | O29: 18 | P29: PALOMARES | R29: RURAL | T29: 2 | V29: ALTA | X29: SECTOR 4 S/N | Z29: CENTRO | AB29: A UN COSTADO DE LA TERMINAL DE AUTOB | AD29: 70312 | AF29: EN OPERACION | AH29: 35885 | AI29: POLVO | AK29: CON VENTA DE BASICOS | AM29: 6 | AN29: TIENDA | AP29: 3 | AQ29: DICONSA | AR29: 3108 | AS29: MIGUEL ANGEL MARTINEZ PURA | AT29: 1 | AU29: NOMBRE CONCESIONARIO | AV29: 0.33333333 | AW29: 0.58333333
A30: R | B30: TD | C30: P | D30: 3 | E30: 4 | F30: 6.5 | G30: 2005711200 | H30: 57112 | I30: 32 | J30: 36 | K30: 36 | L30: =J30+K30 -> 72 | M30: 57 | N30: MATÍAS ROMERO AVENDAÑO | O30: 21 | P30: EL PASO DE LAS MARAVILLAS | R30: RURAL | T30: 2 | V30: ALTA | X30: BENITO JUÁREZ S/N | Z30: EL PASO DE LAS MARAVILLAS | AB30: CALLE NORMA MONROY Y CALLE VICENTE G | AD30: 70300 | AF30: EN OPERACION | AH30: 44614 | AI30: POLVO | AK30: CON VENTA DE BASICOS | AM30: 6 | AN30: TIENDA | AP30: 3 | AQ30: DICONSA | AR30: 3108 | AS30: MIGUEL ANGEL MARTINEZ PURA | AT30: 1 | AU30: NOMBRE CONCESIONARIO | AV30: 0.375 | AW30: 0.58333333
A31: R | B31: TD | C31: P | D31: 3 | E31: 4 | F31: 6.5 | G31: 2005711300 | H31: 57113 | I31: 90 | J31: 61 | K31: 61 | L31: =J31+K31 -> 122 | M31: 57 | N31: MATÍAS ROMERO AVENDAÑO | O31: 207 | P31: COLONIA CUAUHTEMOC | R31: RURAL | T31: 4 | V31: BAJA | X31: CUAUHTÉMOC-CASA BLANCA S/N | Z31: COLONIA CUAUHTÉMOC | AB31: EN LA TIENDA DICONSA NÚM.113 A UN LA | AD31: 70317 | AF31: EN OPERACION | AH31: 45404 | AI31: POLVO | AK31: CON VENTA DE BASICOS | AM31: 6 | AN31: TIENDA | AP31: 3 | AQ31: DICONSA | AR31: 3108 | AS31: MIGUEL ANGEL MARTINEZ PURA | AT31: 208831 | AU31: LOPEZ FLORES MARIA TERESA | AV31: 0.375 | AW31: 0.58333333
A32: R | B32: TD | C32: P | D32: 7 | E32: 3 | F32: 6.5 | G32: 2005910600 | H32: 59106 | I32: 29 | J32: 21 | K32: 12 | L32: =J32+K32 -> 33 | M32: 59 | N32: MIAHUATLÁN DE PORFIRIO DÍAZ | O32: 6 | P32: GUIXE | R32: RURAL | T32: 2 | V32: ALTA | X32: FRANCISCO I. MADERO S/N | Z32: NINGUNO | AB32: CALLE BENITO JUÁREZ Y CALLE NINGUNO | AD32: 70800 | AF32: EN OPERACION | AH32: 43018 | AI32: POLVO | AK32: CON VENTA DE BASICOS | AM32: 6 | AN32: TIENDA | AP32: 3 | AQ32: DICONSA | AR32: 4517 | AS32: FLORES LOPEZ JUAN EDGAR | AT32: 1 | AU32: NOMBRE CONCESIONARIO | AV32: 0.375 | AW32: 0.5
A33: R | B33: TD | C33: P | D33: 7 | E33: 1 | F33: 6.5 | G33: 2005910800 | H33: 59108 | I33: 35 | J33: 24 | K33: 15 | L33: =J33+K33 -> 39 | M33: 59 | N33: MIAHUATLÁN DE PORFIRIO DÍAZ | O33: 18 | P33: SANTA CATARINA ROATINA | R33: RURAL | T33: 2 | V33: ALTA | X33: HIDALGO S/N | Z33: SANTA CATARINA ROATINA | AB33: CALLE DIAZ ORDAZ Y CALLE INDEPENDENC | AD33: 70803 | AF33: EN OPERACION | AH33: 43893 | AI33: POLVO | AK33: CON VENTA DE BASICOS | AM33: 6 | AN33: TIENDA | AP33: 3 | AQ33: DICONSA | AR33: 3047 | AS33: ANAY MARGARITA CRUZ RAMOS | AT33: 1 | AU33: NOMBRE CONCESIONARIO | AV33: 0.375 | AW33: 0.5
A34: R | B34: TD | C34: P | D34: 7 | E34: 2 | F34: 6.5 | G34: 2005910900 | H34: 59109 | I34: 48 | J34: 29 | K34: 36 | L34: =J34+K34 -> 65 | M34: 59 | N34: MIAHUATLÁN DE PORFIRIO DÍAZ | O34: 4 | P34: BRAMADEROS | R34: RURAL | T34: 2 | V34: ALTA | X34: NINGUNO S/N | Z34: CENTRO BRAMADEROS | AB34: CALLE NINGUNO Y CALLE NINGUNO | AD34: 70800 | AF34: EN OPERACION | AH34: 43965 | AI34: POLVO | AK34: CON VENTA DE BASICOS | AM34: 6 | AN34: TIENDA | AP34: 3 | AQ34: DICONSA | AR34: 3031 | AS34: CRUZ CORTES MARCO ANTONIO | AT34: 1 | AU34: NOMBRE CONCESIONARIO | AV34: 0.33333333 | AW34: 0.58333333
A35: R | B35: TD | C35: P | D35: 7 | E35: 1 | F35: 6.5 | G35: 2005911100 | H35: 59111 | I35: 70 | J35: 70 | K35: 47 | L35: =J35+K35 -> 117 | M35: 59 | N35: MIAHUATLÁN DE PORFIRIO DÍAZ | O35: 71 | P35: LA PILA | R35: RURAL | T35: 2 | V35: ALTA | X35: HIDALGO S/N | Z35: CENTRO | AB35: A UN LADO DE LA CALLE PRINCIPAL | AD35: 70805 | AF35: EN OPERACION | AH35: 44222 | AI35: POLVO | AK35: CON VENTA DE BASICOS | AM35: 6 | AN35: TIENDA | AP35: 3 | AQ35: DICONSA | AR35: 3047 | AS35: ANAY MARGARITA CRUZ RAMOS | AT35: 1 | AU35: NOMBRE CONCESIONARIO | AV35: 0.375 | AW35: 0.58333333
A36: R | B36: TD | C36: P | D36: 7 | E36: 2 | F36: 6.5 | G36: 2005911200 | H36: 59112 | I36: 19 | J36: 8 | K36: 20 | L36: =J36+K36 -> 28 | M36: 59 | N36: MIAHUATLÁN DE PORFIRIO DÍAZ | O36: 31 | P36: EL GUAYABO TEPEHUAJE | R36: RURAL | T36: 2 | V36: ALTA | X36: NINGUNO S/N | Z36: EL GUAYABO TEPEHUAJE | AB36: CALLE NINGUNO Y CALLE NINGUNO | AD36: 70800 | AF36: EN OPERACION | AH36: 44825 | AI36: POLVO | AK36: CON VENTA DE BASICOS | AM36: 6 | AN36: TIENDA | AP36: 3 | AQ36: DICONSA | AR36: 3031 | AS36: CRUZ CORTES MARCO ANTONIO | AT36: 1 | AU36: NOMBRE CONCESIONARIO | AV36: 0.375 | AW36: 0.58333333
A37: R | B37: TD | C37: P | D37: 7 | E37: 2 | F37: 6.5 | G37: 2005911300 | H37: 59113 | I37: 35 | J37: 29 | K37: 14 | L37: =J37+K37 -> 43 | M37: 59 | N37: MIAHUATLÁN DE PORFIRIO DÍAZ | O37: 16 | P37: SAN PEDRO COATLAN | R37: RURAL | T37: 2 | V37: ALTA | X37: 16 DE SEPTIEMBRE S/N | Z37: SAN PEDRO COATLAN | AB37: CALLE VICENTE GUERRERO Y PRIV. DE GU | AD37: 70802 | AF37: EN OPERACION | AH37: 44827 | AI37: POLVO | AK37: CON VENTA DE BASICOS | AM37: 6 | AN37: TIENDA | AP37: 3 | AQ37: DICONSA | AR37: 3031 | AS37: CRUZ CORTES MARCO ANTONIO | AT37: 1 | AU37: NOMBRE CONCESIONARIO | AV37: 0.375 | AW37: 0.58333333
A38: R | B38: TD | C38: P | D38: 7 | E38: 2 | F38: 6.5 | G38: 2005911400 | H38: 59114 | I38: 57 | J38: 21 | K38: 48 | L38: =J38+K38 -> 69 | M38: 59 | N38: MIAHUATLÁN DE PORFIRIO DÍAZ | O38: 3 | P38: AGUA DE SOL | R38: RURAL | T38: 2 | V38: ALTA | X38: MORELOS S/N | Z38: AGUA DE SOL | AB38: PLANTA BAJA DE LA AGENCIA MUNICIPAL | AD38: 70802 | AF38: EN OPERACION | AH38: 45957 | AI38: POLVO | AK38: CON VENTA DE BASICOS | AM38: 6 | AN38: TIENDA | AP38: 3 | AQ38: DICONSA | AR38: 4517 | AS38: FLORES LOPEZ JUAN EDGAR | AT38: 208773 | AU38: GARCIA VELASCO MONICA ELISA | AV38: 0.375 | AW38: 0.58333333
A39: R | B39: TD | C39: P | D39: 7 | E39: 1 | F39: 6.5 | G39: 2005911500 | H39: 59115 | I39: 52 | J39: 30 | K39: 38 | L39: =J39+K39 -> 68 | M39: 59 | N39: MIAHUATLÁN DE PORFIRIO DÍAZ | O39: 1 | P39: MIAHUATLAN DE PORFIRIO DIAZ | R39: RURAL | T39: 2 | V39: ALTA | X39: ZARAGOZA NUM. 317 | Z39: SAN FRANCISCO | AB39: EN LA TIENDA DEL BIENESTAR NUMERO 13 | AD39: 70805 | AF39: EN OPERACION | AH39: 45992 | AI39: POLVO | AK39: CON VENTA DE BASICOS | AM39: 6 | AN39: TIENDA | AP39: 3 | AQ39: DICONSA | AR39: 3047 | AS39: ANAY MARGARITA CRUZ RAMOS | AT39: 208831 | AU39: LOPEZ FLORES MARIA TERESA | AV39: 0.375 | AW39: 0.58333333
... A46: R | B46: TD | C46: P | D46: 2 | E46: 7 | F46: 6.5 | G46: 2007311500 | H46: 73115 | I46: 104 | J46: 32 | K46: 91 | L46: =J46+K46 -> 123 | M46: 73 | N46: PUTLA VILLA DE GUERRERO | O46: 4 | P46: ASUNCION ATOYAQUILLO | R46: RURAL | T46: 2 | V46: ALTA | X46: 6 DE SEPTIEMBRE S/N | Z46: ASUNCIÓN ATOYAQUILLO | AB46: FRENTE A LA REFACCIONARIA TAURO | AD46: 71020 | AF46: EN OPERACION | AH46: 46009 | AI46: POLVO | AK46: CON VENTA DE BASICOS | AM46: 6 | AN46: TIENDA | AP46: 3 | AQ46: DICONSA | AR46: 3123 | AS46: GABRIELA ARIZBETH DIAZ SANTIAGO | AT46: 208781 | AU46: SANCHEZ HERNANDEZ LUCILA | AV46: 0.375 | AW46: 0.58333333
A47: R | B47: TD | C47: P | D47: 2 | E47: 7 | F47: 6.5 | G47: 2007610100 | H47: 76101 | I47: 78 | J47: 62 | K47: 60 | L47: =J47+K47 -> 122 | M47: 76 | N47: LA REFORMA | O47: 1 | P47: LA REFORMA | R47: RURAL | T47: 3 | V47: MEDIA | X47: CONSTITUCION S/N | Z47: CENTRO | AB47: HIDALGO Y AURORA | AD47: 77777 | AF47: EN OPERACION | AH47: 41017 | AI47: POLVO | AK47: CON VENTA DE BASICOS | AM47: 6 | AN47: TIENDA | AP47: 3 | AQ47: DICONSA | AR47: 3123 | AS47: GABRIELA ARIZBETH DIAZ SANTIAGO | AT47: 1 | AU47: NOMBRE CONCESIONARIO
A48: R | B48: TD | C48: P | D48: 2 | E48: 7 | F48: 6.5 | G48: 2007610200 | H48: 76102 | I48: 61 | J48: 41 | K48: 53 | L48: =J48+K48 -> 94 | M48: 76 | N48: LA REFORMA | O48: 2 | P48: ESTANZUELA GRANDE | R48: RURAL | T48: 2 | V48: ALTA | X48: SIN NOMBRE S/N | Z48: ESTANZUELA GRANDE | AB48: TIENDA DICONSA NUMERO 42 DE LA POBLA | AD48: 71081 | AF48: EN OPERACION | AH48: 45642 | AI48: POLVO | AK48: CON VENTA DE BASICOS | AM48: 6 | AN48: TIENDA | AP48: 3 | AQ48: DICONSA | AR48: 3123 | AS48: GABRIELA ARIZBETH DIAZ SANTIAGO | AT48: 208653 | AU48: PERALTA REYES RAMIRO | AV48: 0.375 | AW48: 0.58333333
A49: R | B49: TD | C49: P | D49: 2 | E49: 6 | F49: 6.5 | G49: 2008210200 | H49: 82102 | I49: 31 | J49: 19 | K49: 29 | L49: =J49+K49 -> 48 | M49: 82 | N49: SAN AGUSTÍN CHAYUCO | O49: 1 | P49: SAN AGUSTIN CHAYUCO | R49: RURAL | T49: 2 | V49: ALTA | X49: RAFAEL RAMÍREZ S/N | Z49: CENTRO | AB49: ENTRE CALLE MORELOS Y CALLE NICOLAS | AD49: 71764 | AF49: EN OPERACION | AH49: 43388 | AI49: POLVO | AK49: CON VENTA DE BASICOS | AM49: 6 | AN49: TIENDA | AP49: 3 | AQ49: DICONSA | AR49: 3102 | AS49: SULEMA CRUZ LOPEZ | AT49: 1 | AU49: NOMBRE CONCESIONARIO | AV49: 0.375 | AW49: 0.58333333
A50: R | B50: TD | C50: P | D50: 2 | E50: 6 | F50: 6.5 | G50: 2008210300 | H50: 82103 | I50: 25 | J50: 24 | K50: 24 | L50: =J50+K50 -> 48 | M50: 82 | N50: SAN AGUSTÍN CHAYUCO | O50: 6 | P50: YUCUTACO | R50: RURAL | T50: 2 | V50: ALTA | X50: LUIS DONALDO COLOSIO S/N | Z50: CENTRO | AB50: CALLE NINGUNO E INDEPENDENCIA. EN EL | AD50: 71768 | AF50: EN OPERACION | AH50: 44375 | AI50: POLVO | AK50: CON VENTA DE BASICOS | AM50: 6 | AN50: TIENDA | AP50: 3 | AQ50: DICONSA | AR50: 3102 | AS50: SULEMA CRUZ LOPEZ | AT50: 1 | AU50: NOMBRE CONCESIONARIO | AV50: 0.375 | AW50: 0.58333333
A51: R | B51: TD | C51: P | D51: 4 | E51: 1 | F51: 6.5 | G51: 2008810400 | H51: 88104 | I51: 69 | J51: 47 | K51: 60 | L51: =J51+K51 -> 107 | M51: 88 | N51: SAN ANDRÉS CABECERA NUEVA | O51: 1 | P51: SAN ANDRES CABECERA NUEVA | R51: RURAL | T51: 2 | V51: ALTA | X51: GUADALUPE VICTORIA S/N | Z51: CENTRO | AB51: CERRADA DE GUERRERO Y CALLE VICENTE | AD51: 71170 | AF51: EN OPERACION | AH51: 43398 | AI51: POLVO | AK51: CON VENTA DE BASICOS | AM51: 6 | AN51: TIENDA | AP51: 3 | AQ51: DICONSA | AR51: 3150 | AS51: ELIEL DAVID CASTELLANOS RAMIREZ | AT51: 1 | AU51: NOMBRE CONCESIONARIO | AV51: 0.375 | AW51: 0.54166667
A52: R | B52: TD | C52: P | D52: 2 | E52: 6 | F52: 6.5 | G52: 2009010100 | H52: 90101 | I52: 166 | J52: 104 | K52: 122 | L52: =J52+K52 -> 226 | M52: 90 | N52: SAN ANDRÉS HUAXPALTEPEC | O52: 1 | P52: SAN ANDRES HUAXPALTEPEC | R52: RURAL | T52: 2 | V52: ALTA | X52: AV PRINCIPAL Y CARRETERA COSTERA | Z52: CENTRO | AB52: ENTRE LA CALLE 14 DE FEBRERO Y CALLE | AD52: 71770 | AF52: EN OPERACION | AH52: 34731 | AI52: POLVO | AK52: CON VENTA DE BASICOS | AM52: 6 | AN52: TIENDA | AP52: 3 | AQ52: DICONSA | AR52: 3102 | AS52: SULEMA CRUZ LOPEZ | AT52: 1 | AU52: NOMBRE CONCESIONARIO | AV52: 0.33333333 | AW52: 0.54166667
A53: R | B53: TD | C53: P | D53: 4 | E53: 3 | F53: 6.5 | G53: 2009310200 | H53: 93102 | I53: 55 | J53: 14 | K53: 55 | L53: =J53+K53 -> 69 | M53: 93 | N53: SAN ANDRÉS LAGUNAS | O53: 1 | P53: SAN ANDRES LAGUNAS | R53: RURAL | T53: 2 | V53: ALTA | X53: INDEPENDENCIA S/N | Z53: CENTRO, SAN ANDRÉS LAGUNA | AB53: CALLE BENITO JUAREZ Y CALLE HIDALGO | AD53: 69550 | AF53: EN OPERACION | AH53: 44105 | AI53: POLVO | AK53: CON VENTA DE BASICOS | AM53: 6 | AN53: TIENDA | AP53: 3 | AQ53: DICONSA | AR53: 3151 | AS53: SUSANA MENDOZA LOPEZ | AT53: 1 | AU53: NOMBRE CONCESIONARIO | AV53: 0.375 | AW53: 0.58333333
A54: R | B54: TD | C54: P | D54: 6 | E54: 1 | F54: 6.5 | G54: 2009710100 | H54: 97101 | I54: 51 | J54: 32 | K54: 32 | L54: =J54+K54 -> 64 | M54: 97 | N54: SAN ANDRÉS SOLAGA | O54: 3 | P54: SANTO DOMINGO YOJOVI | R54: RURAL | T54: 2 | V54: ALTA | X54: INDEPENDENCIA S/N | Z54: SANTO DOMINGO YOJOVI | AB54: EN LA TIENDA DICONSA NÚMERO 98,A UN | AD54: 68844 | AF54: EN OPERACION | AH54: 45337 | AI54: POLVO | AK54: CON VENTA DE BASICOS | AM54: 6 | AN54: TIENDA | AP54: 3 | AQ54: DICONSA | AR54: 3032 | AS54: AQUINO SANTIAGO MARIA GUADALUPE | AT54: 14553 | AU54: SILVIA CORTES RAMIREZ | AV54: 0.375 | AW54: 0.58333333
A55: R | B55: TD | C55: P | D55: 4 | E55: 4 | F55: 6.5 | G55: 2010014400 | H55: 100144 | I55: 224 | J55: 117 | K55: 240 | L55: =J55+K55 -> 357 | M55: 540 | N55: VILLA DE TAMAZULÁPAM DEL PROGRESO | O55: 1 | P55: VILLA DE TAMAZULAPAM DEL PROGRESO | R55: RURAL | T55: 5 | V55: MUY BAJA | X55: PLAZA DE LA CONSTITUCIÓN S/N | Z55: CENTRO | AB55: A DOS CUADRAS DE LA IGLESIA | AD55: 69510 | AF55: EN OPERACION | AH55: 33307 | AI55: POLVO | AK55: CON VENTA DE BASICOS | AM55: 6 | AN55: TIENDA | AP55: 3 | AQ55: DICONSA | AR55: 3147 | AS55: DULCE ANDREA CASTELLANOS VAZQUEZ | AT55: 1 | AU55: NOMBRE CONCESIONARIO
A56: R | B56: TD | C56: P | D56: 4 | E56: 2 | F56: 6.5 | G56: 2010042600 | H56: 100426 | I56: 411 | J56: 253 | K56: 336 | L56: =J56+K56 -> 589 | M56: 397 | N56: HEROICA CIUDAD DE TLAXIACO | O56: 30 | P56: BARRIO SAN SEBASTIAN | R56: RURAL | T56: 3 | V56: MEDIA | X56: FRESNOS NUMERO 3 | Z56: BARRIO SAN SEBASTIAN | AB56: ENTRE LA CALLE NOGAL Y CALLE CHABACA | AD56: 69800 | AF56: EN OPERACION | AH56: 33329 | AI56: POLVO | AK56: CON VENTA DE BASICOS | AM56: 6 | AN56: TIENDA | AP56: 3 | AQ56: DICONSA | AR56: 3073 | AS56: PACHECO HERNANDEZ VERONICA PATRICIA | AT56: 1 | AU56: NOMBRE CONCESIONARIO | AV56: 0.375 | AW56: 0.58333333
A57: R | B57: TD | C57: P | D57: 7 | E57: 4 | F57: 6.5 | G57: 2010110200 | H57: 101102 | I57: 17 | J57: 13 | K57: 13 | L57: =J57+K57 -> 26 | M57: 28 | N57: HEROICA CIUDAD DE EJUTLA DE CRESPO | O57: 18 | P57: SANTA CRUZ NEXILA | R57: RURAL | T57: 2 | V57: ALTA | X57: CALLE HIDALGO SIN NUMERO | Z57: RANCHERIA SANTA CRUZ NEXILA | AB57: CALLE JUAREZ Y CALLE NINGUNO | AD57: 71502 | AF57: EN OPERACION | AH57: 42604 | AI57: POLVO | AK57: CON VENTA DE BASICOS | AM57: 6 | AN57: TIENDA | AP57: 3 | AQ57: DICONSA | AR57: 3061 | AS57: VERONICA JOSEFINA GOMEZ RODRIGUEZ | AT57: 1 | AU57: NOMBRE CONCESIONARIO | AV57: 0.375 | AW57: 0.58333333
A58: R | B58: TD | C58: P | D58: 7 | E58: 4 | F58: 6.5 | G58: 2010410300 | H58: 104103 | I58: 38 | J58: 12 | K58: 42 | L58: =J58+K58 -> 54 | M58: 104 | N58: SAN ANTONINO EL ALTO | O58: 3 | P58: SAN FERNANDO DE MATAMOROS | R58: RURAL | T58: 2 | V58: ALTA | X58: PORFIRIO DÍAZ S/N | Z58: CENTRO SAN FERNANDO DE MATAMOROS | AB58: CALLE MORELOS Y CALLE NINGUNO | AD58: 71346 | AF58: EN OPERACION | AH58: 44172 | AI58: POLVO | AK58: CON VENTA DE BASICOS | AM58: 6 | AN58: TIENDA | AP58: 3 | AQ58: DICONSA | AR58: 3061 | AS58: VERONICA JOSEFINA GOMEZ RODRIGUEZ | AT58: 1 | AU58: NOMBRE CONCESIONARIO | AV58: 0.375 | AW58: 0.58333333
A59: R | B59: TD | C59: P | D59: 6 | E59: 4 | F59: 6.5 | G59: 2011007300 | H59: 110073 | I59: 90 | J59: 40 | K59: 86 | L59: =J59+K59 -> 126 | M59: 398 | N59: AYOQUEZCO DE ALDAMA | O59: 1 | P59: AYOQUEZCO DE ALDAMA | R59: RURAL | T59: 2 | V59: ALTA | X59: ALDAMA S/N (CORREDOR MUNICIPAL ) | Z59: CENTRO | AB59: ENTRE CALLE PORFIRIO DIAZ Y CALLE MA | AD59: 71290 | AF59: EN OPERACION | AH59: 32995 | AI59: POLVO | AK59: CON VENTA DE BASICOS | AM59: 6 | AN59: TIENDA | AP59: 3 | AQ59: DICONSA | AR59: 3018 | AS59: GARCIA ESPAÑA PABLO | AT59: 1 | AU59: NOMBRE CONCESIONARIO | AV59: 0.375 | AW59: 0.58333333
A60: U | B60: TD | C60: P | D60: 3 | E60: 2 | F60: 6.5 | G60: 2011010500 | H60: 110105 | I60: 291 | J60: 185 | K60: 256 | L60: =J60+K60 -> 441 | M60: 515 | N60: SANTO DOMINGO TEHUANTEPEC | O60: 1 | P60: SANTO DOMINGO TEHUANTEPEC | R60: RURAL | T60: 4 | V60: BAJA | X60: LAZARO CARDENAS SIN NUMERO | Z60: JOSE LOPEZ PORTILLO | AB60: CALLE MITLA Y CALLE EL PIPILA | AD60: 70760 | AF60: EN OPERACION | AH60: 33239 | AI60: POLVO | AK60: CON VENTA DE BASICOS | AM60: 6 | AN60: TIENDA | AP60: 3 | AQ60: DICONSA | AR60: 3692 | AS60: DIAZ RAMIREZ CARMELO | AT60: 1 | AU60: NOMBRE CONCESIONARIO | AV60: 0.41666667 | AW60: 0.58333333
A61: R | B61: TD | C61: P | D61: 3 | E61: 1 | F61: 6.5 | G61: 2011010800 | H61: 110108 | I61: 465 | J61: 239 | K61: 457 | L61: =J61+K61 -> 696 | M61: 124 | N61: SAN BLAS ATEMPA | O61: 1 | P61: SAN BLAS ATEMPA | R61: RURAL | T61: 3 | V61: MEDIA | X61: MATEO JIMENEZ NO. 9 | Z61: CENTRO | AB61: ENTRE LA CALLE MIGUEL HIDALGO Y LA C | AD61: 70760 | AF61: EN OPERACION | AH61: 35320 | AI61: POLVO | AK61: CON VENTA DE BASICOS | AM61: 6 | AN61: TIENDA | AP61: 3 | AQ61: DICONSA | AR61: 3198 | AS61: MARISOL RODRIGUEZ SANCHEZ | AT61: 1 | AU61: NOMBRE CONCESIONARIO | AV61: 0.33333333 | AW61: 0.58333333
A62: U | B62: TD | C62: P | D62: 7 | E62: 2 | F62: 6.5 | G62: 2011015100 | H62: 110151 | I62: 678 | J62: 490 | K62: 563 | L62: =J62+K62 -> 1053 | M62: 59 | N62: MIAHUATLÁN DE PORFIRIO DÍAZ | O62: 1 | P62: MIAHUATLAN DE PORFIRIO DIAZ | R62: RURAL | T62: 4 | V62: BAJA | X62: LAS PALMAS NO. 202 | Z62: BARRIO ARRIBA | AB62: CARRETERA FED. A PTO. ANGEL Y CALLE | AD62: 70800 | AF62: EN OPERACION | AH62: 32842 | AI62: POLVO | AK62: CON VENTA DE BASICOS | AM62: 6 | AN62: TIENDA | AP62: 3 | AQ62: DICONSA | AR62: 3031 | AS62: CRUZ CORTES MARCO ANTONIO | AT62: 1 | AU62: NOMBRE CONCESIONARIO | AV62: 0.375 | AW62: 0.58333333
A63: R | B63: TD | C63: P | D63: 7 | E63: 1 | F63: 6.5 | G63: 2012014500 | H63: 120145 | I63: 109 | J63: 79 | K63: 95 | L63: =J63+K63 -> 174 | M63: 533 | N63: SANTO TOMÁS TAMAZULAPAN | O63: 1 | P63: SANTO TOMAS TAMAZULAPAN | R63: RURAL | T63: 3 | V63: MEDIA | X63: PORFIRIO DIAZ S/N | Z63: CENTRO | AB63: ENTRE LA CALLE NIÑOS HEROES Y CALLE | AD63: 70280 | AF63: EN OPERACION | AH63: 33243 | AI63: POLVO | AK63: CON VENTA DE BASICOS | AM63: 6 | AN63: TIENDA | AP63: 3 | AQ63: DICONSA | AR63: 3047 | AS63: ANAY MARGARITA CRUZ RAMOS | AT63: 1 | AU63: NOMBRE CONCESIONARIO | AV63: 0.41666667 | AW63: 0.58333333
A64: R | B64: TD | C64: P | D64: 3 | E64: 2 | F64: 6.5 | G64: 2012017800 | H64: 120178 | I64: 97 | J64: 56 | K64: 78 | L64: =J64+K64 -> 134 | M64: 453 | N64: SANTIAGO ASTATA | O64: 1 | P64: SANTIAGO ASTATA | R64: RURAL | T64: 3 | V64: MEDIA | X64: LIBERTAD S/N | Z64: CENTRO | AB64: ENTRE CALLE 5 DE MAYO Y NINGUNO | AD64: 70790 | AF64: EN OPERACION | AH64: 32874 | AI64: POLVO | AK64: CON VENTA DE BASICOS | AM64: 6 | AN64: TIENDA | AP64: 3 | AQ64: DICONSA | AR64: 3692 | AS64: DIAZ RAMIREZ CARMELO | AT64: 1 | AU64: NOMBRE CONCESIONARIO | AV64: 0.375 | AW64: 0.58333333
A65: R | B65: TD | C65: P | D65: 2 | E65: 2 | F65: 6.5 | G65: 2012018000 | H65: 120180 | I65: 340 | J65: 201 | K65: 277 | L65: =J65+K65 -> 478 | M65: 413 | N65: SANTA MARÍA HUATULCO | O65: 1 | P65: SANTA MARIA HUATULCO | R65: RURAL | T65: 4 | V65: BAJA | X65: DIAZ ORDAZ S/N | Z65: LAS PALMAS | AB65: CALLE HIDALGO Y CALLE MORELOS | AD65: 70950 | AF65: EN OPERACION | AH65: 33390 | AI65: POLVO | AK65: CON VENTA DE BASICOS | AM65: 6 | AN65: TIENDA | AP65: 3 | AQ65: DICONSA | AR65: 3199 | AS65: IDALIA SARAHI SOSA SANTIAGO | AT65: 1 | AU65: NOMBRE CONCESIONARIO | AV65: 0.25 | AW65: 0.54166667
A66: R | B66: TD | C66: P | D66: 2 | E66: 2 | F66: 6.5 | G66: 2012018200 | H66: 120182 | I66: 198 | J66: 125 | K66: 153 | L66: =J66+K66 -> 278 | M66: 324 | N66: SAN PEDRO POCHUTLA | O66: 10 | P66: SAN JOSE CHACALAPA | R66: RURAL | T66: 3 | V66: MEDIA | X66: CARRETERA A OAXACA S/N | Z66: CENTRO | AB66: FRENTE A LA CANCHA MUNICIPAL | AD66: 70950 | AF66: EN OPERACION | AH66: 33390 | AI66: POLVO | AK66: CON VENTA DE BASICOS | AM66: 6 | AN66: TIENDA | AP66: 3 | AQ66: DICONSA | AR66: 3199 | AS66: IDALIA SARAHI SOSA SANTIAGO | AT66: 1 | AU66: NOMBRE CONCESIONARIO | AV66: 0.33333333 | AW66: 0.58333333
A67: R | B67: TD | C67: P | D67: 3 | E67: 5 | F67: 6.5 | G67: 2012021200 | H67: 120212 | I67: 229 | J67: 100 | K67: 260 | L67: =J67+K67 -> 360 | M67: 66 | N67: SANTIAGO NILTEPEC | O67: 1 | P67: SANTIAGO NILTEPEC | R67: RURAL | T67: 4 | V67: BAJA | X67: HIDALGO NO. 15 | Z67: CENTRO | AB67: ENTRE LA CALLE 20 DE NOVIEMBRE Y CAL | AD67: 70130 | AF67: EN OPERACION | AH67: 33482 | AI67: POLVO | AK67: CON VENTA DE BASICOS | AM67: 6 | AN67: TIENDA | AP67: 3 | AQ67: DICONSA | AR67: 3152 | AS67: ARELY CONCEPCION CASTELLANOS SANTIAGO | AT67: 1 | AU67: NOMBRE CONCESIONARIO | AV67: 0.29166667 | AW67: 0.58333333
... A87: R | B87: TD | C87: P | D87: 2 | E87: 1 | F87: 6.5 | G87: 2012052400 | H87: 120524 | I87: 219 | J87: 150 | K87: 187 | L87: =J87+K87 -> 337 | M87: 318 | N87: SAN PEDRO MIXTEPEC | O87: 1 | P87: SAN PEDRO MIXTEPEC DISTRITO 22 | R87: RURAL | T87: 3 | V87: MEDIA | X87: LIBERTAD S/N | Z87: CENTRO | AB87: ENTRE LA CALLE MELCHOR OCAMPO Y CALL | AD87: 71990 | AF87: EN OPERACION | AH87: 35321 | AI87: POLVO | AK87: CON VENTA DE BASICOS | AM87: 6 | AN87: TIENDA | AP87: 3 | AQ87: DICONSA | AR87: 3045 | AS87: CARLOS ALBERTO SANCHEZ MENDEZ | AT87: 1 | AU87: NOMBRE CONCESIONARIO | AV87: 0.33333333 | AW87: 0.625
A88: R | B88: TD | C88: P | D88: 4 | E88: 3 | F88: 6.5 | G88: 2012053200 | H88: 120532 | I88: 69 | J88: 32 | K88: 64 | L88: =J88+K88 -> 96 | M88: 370 | N88: SANTA CATARINA TAYATA | O88: 1 | P88: SANTA CATARINA TAYATA | R88: RURAL | T88: 3 | V88: MEDIA | X88: A UN COSTADO DEL EXCEBETA | Z88: CENTRO | AB88: A UN COSTADO DE LA BIBLIOTECA | AD88: 69834 | AF88: EN OPERACION | AH88: 33508 | AI88: POLVO | AK88: CON VENTA DE BASICOS | AM88: 6 | AN88: TIENDA | AP88: 3 | AQ88: DICONSA | AR88: 3151 | AS88: SUSANA MENDOZA LOPEZ | AT88: 1 | AU88: NOMBRE CONCESIONARIO
A89: R | B89: TD | C89: P | D89: 2 | E89: 5 | F89: 6.5 | G89: 2012053400 | H89: 120534 | I89: 459 | J89: 288 | K89: 398 | L89: =J89+K89 -> 686 | M89: 300 | N89: SAN PEDRO AMUZGOS | O89: 1 | P89: SAN PEDRO AMUZGOS | R89: RURAL | T89: 2 | V89: ALTA | X89: VICENTE GUERRERO S/N | Z89: CENTRO | AB89: ENTRE LA CALLE 5 DE FEBRERO Y CALLE | AD89: 71070 | AF89: EN OPERACION | AH89: 33509 | AI89: POLVO | AK89: CON VENTA DE BASICOS | AM89: 6 | AN89: TIENDA | AP89: 3 | AQ89: DICONSA | AR89: 3042 | AS89: HERNANDEZ RAMIREZ DAVID | AT89: 1 | AU89: NOMBRE CONCESIONARIO | AV89: 0.375 | AW89: 0.58333333
A90: R | B90: TD | C90: P | D90: 2 | E90: 7 | F90: 6.5 | G90: 2012053500 | H90: 120535 | I90: 311 | J90: 232 | K90: 265 | L90: =J90+K90 -> 497 | M90: 447 | N90: SANTA MARÍA ZACATEPEC | O90: 1 | P90: SANTA MARIA ZACATEPEC | R90: RURAL | T90: 2 | V90: ALTA | X90: PORFIRIO DIAZ S/N | Z90: CENTRO | AB90: ENTRE LA CALLE APLO XI Y CALLE OAXAC | AD90: 71060 | AF90: EN OPERACION | AH90: 33508 | AI90: POLVO | AK90: CON VENTA DE BASICOS | AM90: 6 | AN90: TIENDA | AP90: 3 | AQ90: DICONSA | AR90: 3123 | AS90: GABRIELA ARIZBETH DIAZ SANTIAGO | AT90: 1 | AU90: NOMBRE CONCESIONARIO | AV90: 0.33333333 | AW90: 0.54166667
A91: R | B91: TD | C91: P | D91: 1 | E91: 2 | F91: 6.5 | G91: 2012054900 | H91: 120549 | I91: 61 | J91: 23 | K91: 56 | L91: =J91+K91 -> 79 | M91: 206 | N91: SAN JUAN DE LOS CUÉS | O91: 1 | P91: SAN JUAN DE LOS CUES | R91: RURAL | T91: 3 | V91: MEDIA | X91: FRANCISCO I. MADERO S/N PRINCIPAL | Z91: CENTRO | AB91: ENTRE LA CALLE MANUEL S. OSEGUERA Y | AD91: 0 | AF91: EN OPERACION | AH91: 33493 | AI91: POLVO | AK91: CON VENTA DE BASICOS | AM91: 6 | AN91: TIENDA | AP91: 3 | AQ91: DICONSA | AR91: 3117 | AS91: BRIZEIDA GARCIA RODRIGUEZ | AT91: 1 | AU91: NOMBRE CONCESIONARIO | AV91: 0.375 | AW91: 0.54166667
A92: R | B92: TD | C92: P | D92: 5 | E92: 2 | F92: 6.5 | G92: 2012056200 | H92: 120562 | I92: 71 | J92: 36 | K92: 83 | L92: =J92+K92 -> 119 | M92: 184 | N92: SAN JUAN BAUTISTA TUXTEPEC | O92: 215 | P92: SANTA URSULA | R92: RURAL | T92: 2 | V92: ALTA | X92: 20 DE NOVIEMBRE | Z92: CENTRO | AB92: CALLE EMILIANO ZAPATA Y CALLE VICENT | AD92: 68350 | AF92: EN OPERACION | AH92: 33508 | AI92: POLVO | AK92: SIN VENTA DE BASICOS | AM92: 6 | AN92: TIENDA | AP92: 3 | AQ92: DICONSA | AR92: 3059 | AS92: PEREZ DOMINGUEZ SILVIA | AT92: 1 | AU92: NOMBRE CONCESIONARIO | AV92: 0.375 | AW92: 0.58333333
A93: R | B93: TD | C93: P | D93: 6 | E93: 1 | F93: 6.5 | G93: 2012057600 | H93: 120576 | I93: 78 | J93: 40 | K93: 61 | L93: =J93+K93 -> 101 | M93: 280 | N93: VILLA TALEA DE CASTRO | O93: 1 | P93: VILLA TALEA DE CASTRO | R93: RURAL | T93: 3 | V93: MEDIA | X93: CAFETICULTORES SUR S/N | Z93: CENTRO | AB93: ENTRE CALLE UNIVERSIDAD Y NINGUNO | AD93: 68820 | AF93: EN OPERACION | AH93: 33489 | AI93: POLVO | AK93: CON VENTA DE BASICOS | AM93: 6 | AN93: TIENDA | AP93: 3 | AQ93: DICONSA | AR93: 3032 | AS93: AQUINO SANTIAGO MARIA GUADALUPE | AT93: 1 | AU93: NOMBRE CONCESIONARIO | AV93: 0.375 | AW93: 0.58333333
A94: R | B94: TD | C94: P | D94: 2 | E94: 5 | F94: 6.5 | G94: 2012060400 | H94: 120604 | I94: 345 | J94: 264 | K94: 387 | L94: =J94+K94 -> 651 | M94: 185 | N94: SAN JUAN CACAHUATEPEC | O94: 1 | P94: SAN JUAN CACAHUATEPEC | R94: RURAL | T94: 3 | V94: MEDIA | X94: PRINCIPAL ORIENTE S/N | Z94: CENTRO | AB94: ENTRE LA CALLE BENITO JUAREZ NORTE Y | AD94: 71610 | AF94: EN OPERACION | AH94: 33863 | AI94: POLVO | AK94: CON VENTA DE BASICOS | AM94: 6 | AN94: TIENDA | AP94: 3 | AQ94: DICONSA | AR94: 3042 | AS94: HERNANDEZ RAMIREZ DAVID | AT94: 1 | AU94: NOMBRE CONCESIONARIO | AV94: 0.375 | AW94: 0.58333333
A95: R | B95: TD | C95: P | D95: 3 | E95: 2 | F95: 6.5 | G95: 2012410100 | H95: 124101 | I95: 78 | J95: 59 | K95: 54 | L95: =J95+K95 -> 113 | M95: 124 | N95: SAN BLAS ATEMPA | O95: 19 | P95: RANCHO EL LLANO | R95: RURAL | T95: 1 | V95: MUY ALTA | X95: NINGUNO NUM. 0 | Z95: CENTRO, RANCHO EL LLANO | AB95: CALLE NINGUNO Y CALLE NINGUNO | AD95: 70787 | AF95: EN OPERACION | AH95: 43965 | AI95: POLVO | AK95: CON VENTA DE BASICOS | AM95: 6 | AN95: TIENDA | AP95: 3 | AQ95: DICONSA | AR95: 3692 | AS95: DIAZ RAMIREZ CARMELO | AT95: 1 | AU95: NOMBRE CONCESIONARIO | AV95: 0.33333333 | AW95: 0.58333333
A96: R | B96: TD | C96: P | D96: 3 | E96: 1 | F96: 6.5 | G96: 2012410300 | H96: 124103 | I96: 54 | J96: 44 | K96: 46 | L96: =J96+K96 -> 90 | M96: 124 | N96: SAN BLAS ATEMPA | O96: 1 | P96: SAN BLAS ATEMPA | R96: RURAL | T96: 2 | V96: ALTA | X96: VICENTE GUERRERO S/N | Z96: CENTRO SAN BLAS ATEMPA | AB96: CALLE DR. FACUNDO GENICO Y CALLE NIN | AD96: 70786 | AF96: EN OPERACION | AH96: 44172 | AI96: POLVO | AK96: CON VENTA DE BASICOS | AM96: 6 | AN96: TIENDA | AP96: 3 | AQ96: DICONSA | AR96: 3198 | AS96: MARISOL RODRIGUEZ SANCHEZ | AT96: 1 | AU96: NOMBRE CONCESIONARIO | AV96: 0.375 | AW96: 0.58333333
A97: R | B97: TD | C97: P | D97: 3 | E97: 1 | F97: 6.5 | G97: 2012410400 | H97: 124104 | I97: 86 | J97: 61 | K97: 60 | L97: =J97+K97 -> 121 | M97: 124 | N97: SAN BLAS ATEMPA | O97: 18 | P97: TIERRA BLANCA | R97: RURAL | T97: 2 | V97: ALTA | X97: 1 DE MAYO S/N | Z97: TIERRA BLANCA | AB97: EN LA TIENDA DE ALIMENTACIÓN PARA EL | AD97: 70786 | AF97: EN OPERACION | AH97: 46035 | AI97: POLVO | AK97: CON VENTA DE BASICOS | AM97: 6 | AN97: TIENDA | AP97: 3 | AQ97: DICONSA | AR97: 3198 | AS97: MARISOL RODRIGUEZ SANCHEZ | AT97: 209082 | AU97: ALVAREZ TORRES GUSTAVO | AV97: 0.375 | AW97: 0.58333333
A98: R | B98: TD | C98: P | D98: 6 | E98: 5 | F98: 6.5 | G98: 2012810100 | H98: 128101 | I98: 66 | J98: 33 | K98: 41 | L98: =J98+K98 -> 74 | M98: 128 | N98: SAN CRISTÓBAL LACHIRIOAG | O98: 1 | P98: SAN CRISTOBAL LACHIRIOAG | R98: RURAL | T98: 2 | V98: ALTA | X98: JUÁREZ S/N | Z98: CENTRO SAN CRISTÓBAL LACHIRIOAG | AB98: ENTRE CALLE NINGUNO Y CALLE NINGUNO | AD98: 68830 | AF98: EN OPERACION | AH98: 43735 | AI98: POLVO | AK98: CON VENTA DE BASICOS | AM98: 6 | AN98: TIENDA | AP98: 3 | AQ98: DICONSA | AR98: 3040 | AS98: VASQUEZ CABALLERO DAVID | AT98: 1 | AU98: NOMBRE CONCESIONARIO | AV98: 0.375 | AW98: 0.58333333
A99: R | B99: TD | C99: P | D99: 3 | E99: 5 | F99: 6.5 | G99: 2013010300 | H99: 130103 | I99: 114 | J99: 71 | K99: 100 | L99: =J99+K99 -> 171 | M99: 130 | N99: SAN DIONISIO DEL MAR | O99: 1 | P99: SAN DIONISIO DEL MAR | R99: RURAL | T99: 2 | V99: ALTA | X99: IGNACIO ZARAGOZA NUM. 460 | Z99: SAN DIONISIO DEL MAR | AB99: AVENIDA ITURBIDE Y AVENIDA MADERO | AD99: 70137 | AF99: EN OPERACION | AH99: 45062 | AI99: POLVO | AK99: CON VENTA DE BASICOS | AM99: 6 | AN99: TIENDA | AP99: 3 | AQ99: DICONSA | AR99: 3152 | AS99: ARELY CONCEPCION CASTELLANOS SANTIAGO | AT99: 1 | AU99: NOMBRE CONCESIONARIO | AV99: 0.375 | AW99: 0.58333333
A100: R | B100: TD | C100: P | D100: 4 | E100: 2 | F100: 6.5 | G100: 2013310600 | H100: 133106 | I100: 221 | J100: 107 | K100: 161 | L100: =J100+K100 -> 268 | M100: 133 | N100: SAN ESTEBAN ATATLAHUCA | O100: 1 | P100: SAN ESTEBAN ATATLAHUCA | R100: RURAL | T100: 2 | V100: ALTA | X100: LIBERTAD S/N | Z100: CENTRO | AB100: CALLE HIDALGO Y CALLE GUERRERO CERCA | AD100: 71120 | AF100: EN OPERACION | AH100: 44224 | AI100: POLVO | AK100: CON VENTA DE BASICOS | AM100: 6 | AN100: TIENDA | AP100: 3 | AQ100: DICONSA | AR100: 3073 | AS100: PACHECO HERNANDEZ VERONICA PATRICIA | AT100: 1 | AU100: NOMBRE CONCESIONARIO | AV100: 0.375 | AW100: 0.58333333
... A147: R | B147: TD | C147: P | D147: 6 | E147: 4 | F147: 6.5 | G147: 2027410200 | H147: 274102 | I147: 39 | J147: 26 | K147: 33 | L147: =J147+K147 -> 59 | M147: 274 | N147: SAN MIGUEL PIEDRAS | O147: 1 | P147: SAN MIGUEL PIEDRAS | R147: RURAL | T147: 2 | V147: ALTA | X147: LA UNIÓN S/N | Z147: CENTRO, SAN MIGUEL PIEDRAS | AB147: CALLE LIBERTAD Y CAMINO A EL FRESNO | AD147: 69990 | AF147: EN OPERACION | AH147: 44105 | AI147: POLVO | AK147: CON VENTA DE BASICOS | AM147: 6 | AN147: TIENDA | AP147: 3 | AQ147: DICONSA | AR147: 3018 | AS147: GARCIA ESPAÑA PABLO | AT147: 1 | AU147: NOMBRE CONCESIONARIO | AV147: 0.375 | AW147: 0.58333333
A148: R | B148: TD | C148: P | D148: 5 | E148: 1 | F148: 6.5 | G148: 2027810200 | H148: 278102 | I148: 58 | J148: 14 | K148: 56 | L148: =J148+K148 -> 70 | M148: 278 | N148: SAN MIGUEL SOYALTEPEC | O148: 8 | P148: EL CARMEN | R148: RURAL | T148: 3 | V148: MEDIA | X148: PRINCIPAL S/N | Z148: CENTRO | AB148: EN LA AGENCIA MUNICIPAL | AD148: 68430 | AF148: EN OPERACION | AH148: 40450 | AI148: POLVO | AK148: CON VENTA DE BASICOS | AM148: 6 | AN148: TIENDA | AP148: 3 | AQ148: DICONSA | AR148: 3094 | AS148: FLORES SANTIAGO HECTOR DANIEL | AT148: 1 | AU148: NOMBRE CONCESIONARIO
A149: R | B149: TD | C149: P | D149: 7 | E149: 1 | F149: 6.5 | G149: 2027910200 | H149: 279102 | I149: 88 | J149: 65 | K149: 36 | L149: =J149+K149 -> 101 | M149: 279 | N149: SAN MIGUEL SUCHIXTEPEC | O149: 1 | P149: SAN MIGUEL SUCHIXTEPEC | R149: RURAL | T149: 2 | V149: ALTA | X149: HIDALGO S/N | Z149: SAN MIGUEL SUCHIXTEPEC | AB149: EN LA TIENDA DICONSA NÚMERO 20, A UN | AD149: 70880 | AF149: EN OPERACION | AH149: 45201 | AI149: POLVO | AK149: CON VENTA DE BASICOS | AM149: 6 | AN149: TIENDA | AP149: 3 | AQ149: DICONSA | AR149: 3047 | AS149: ANAY MARGARITA CRUZ RAMOS | AT149: 209083 | AU149: LINARES HERNANDEZ YOLANDA | AV149: 0.375 | AW149: 0.58333333
A150: R | B150: TD | C150: P | D150: 4 | E150: 5 | F150: 6.5 | G150: 2028310100 | H150: 283101 | I150: 91 | J150: 55 | K150: 72 | L150: =J150+K150 -> 127 | M150: 283 | N150: SAN MIGUEL TEQUIXTEPEC | O150: 1 | P150: SAN MIGUEL TEQUIXTEPEC | R150: RURAL | T150: 2 | V150: ALTA | X150: 5 DE MAYO S/N | Z150: SAN MIGUEL TEQUIXTEPEC | AB150: CALLE JOSE MARIA MORELOS Y CALLE 16 | AD150: 69360 | AF150: EN OPERACION | AH150: 44635 | AI150: POLVO | AK150: CON VENTA DE BASICOS | AM150: 6 | AN150: TIENDA | AP150: 3 | AQ150: DICONSA | AR150: 3033 | AS150: ECHEVERRIA TREJO ESPERANZA YESENIA | AT150: 1 | AU150: NOMBRE CONCESIONARIO | AV150: 0.375 | AW150: 0.58333333
A151: R | B151: TD | C151: P | D151: 4 | E151: 9 | F151: 6.5 | G151: 2029010200 | H151: 290102 | I151: 74 | J151: 41 | K151: 64 | L151: =J151+K151 -> 105 | M151: 290 | N151: SAN NICOLÁS HIDALGO | O151: 1 | P151: SAN NICOLAS HIDALGO | R151: RURAL | T151: 2 | V151: ALTA | X151: MIGUEL HIDALGO S/N | Z151: SAN NICOLAS HIDALGO | AB151: EN LA TIENDA DICONSA NÚMERO 75, EN F | AD151: 69140 | AF151: EN OPERACION | AH151: 45337 | AI151: POLVO | AK151: CON VENTA DE BASICOS | AM151: 6 | AN151: TIENDA | AP151: 3 | AQ151: DICONSA | AR151: 3142 | AS151: LORENA MAGDANELA MARTÍNEZ MARTÍNEZ | AT151: 208653 | AU151: PERALTA REYES RAMIRO | AV151: 0.375 | AW151: 0.58333333
A152: R | B152: TD | C152: P | D152: 7 | E152: 3 | F152: 6.5 | G152: 2030110100 | H152: 301101 | I152: 53 | J152: 19 | K152: 50 | L152: =J152+K152 -> 69 | M152: 301 | N152: SAN PEDRO APÓSTOL | O152: 1 | P152: SAN PEDRO APOSTOL | R152: RURAL | T152: 2 | V152: ALTA | X152: HOMBRES ILUSTRES S/N | Z152: CENTRO | AB152: ENTRE LA CALLE 5 DE FEBRERO Y CALLE | AD152: 71540 | AF152: EN OPERACION | AH152: 35334 | AI152: POLVO | AK152: CON VENTA DE BASICOS | AM152: 6 | AN152: TIENDA | AP152: 3 | AQ152: DICONSA | AR152: 4517 | AS152: FLORES LOPEZ JUAN EDGAR | AT152: 1 | AU152: NOMBRE CONCESIONARIO | AV152: 0.375 | AW152: 0.58333333
A153: R | B153: TD | C153: P | D153: 3 | E153: 3 | F153: 6.5 | G153: 2030510200 | H153: 305102 | I153: 87 | J153: 49 | K153: 91 | L153: =J153+K153 -> 140 | M153: 305 | N153: SAN PEDRO COMITANCILLO | O153: 1 | P153: SAN PEDRO COMITANCILLO | R153: RURAL | T153: 4 | V153: BAJA | X153: IGNACIO ZARAGOZA S/N | Z153: SAN PEDRO COMITANCILLO | AB153: ENTRE CALLE VENUSTIANO CARRANZA Y CA | AD153: 76750 | AF153: EN OPERACION | AH153: 43070 | AI153: POLVO | AK153: CON VENTA DE BASICOS | AM153: 4 | AN153: PRESTADO | AP153: 8 | AQ153: PARTICULAR | AR153: 3148 | AS153: CARPIO RITO JOSE LEONARDO | AT153: 97905 | AU153: OLIVERA ALVAREZ ANEL | AV153: 0.375 | AW153: 0.5
A154: R | B154: TD | C154: P | D154: 3 | E154: 2 | F154: 6.5 | G154: 2030710700 | H154: 307107 | I154: 119 | J154: 71 | K154: 84 | L154: =J154+K154 -> 155 | M154: 307 | N154: SAN PEDRO HUAMELULA | O154: 1 | P154: SAN PEDRO HUAMELULA | R154: RURAL | T154: 2 | V154: ALTA | X154: JOSEFA ORTIZ DE DOMINGUEZ S/N | Z154: CENTRO | AB154: CALLE HIDALGO Y CALLE SOR JUANA | AD154: 70770 | AF154: EN OPERACION | AH154: 43080 | AI154: POLVO | AK154: CON VENTA DE BASICOS | AM154: 6 | AN154: TIENDA | AP154: 3 | AQ154: DICONSA | AR154: 3692 | AS154: DIAZ RAMIREZ CARMELO | AT154: 1 | AU154: NOMBRE CONCESIONARIO | AV154: 0.375 | AW154: 0.5
A155: R | B155: TD | C155: P | D155: 3 | E155: 2 | F155: 6.5 | G155: 2030810100 | H155: 308101 | I155: 106 | J155: 59 | K155: 84 | L155: =J155+K155 -> 143 | M155: 308 | N155: SAN PEDRO HUILOTEPEC | O155: 1 | P155: SAN PEDRO HUILOTEPEC | R155: RURAL | T155: 2 | V155: ALTA | X155: INDEPENDENCIA S/N | Z155: CENTRO | AB155: CALLEJON SOLIDARIDAD Y AV. GUAYMAS | AD155: 70077 | AF155: EN OPERACION | AH155: 40816 | AI155: POLVO | AK155: CON VENTA DE BASICOS | AM155: 6 | AN155: TIENDA | AP155: 3 | AQ155: DICONSA | AR155: 3692 | AS155: DIAZ RAMIREZ CARMELO | AT155: 1 | AU155: NOMBRE CONCESIONARIO | AV155: 0.375 | AW155: 0.54166667
A156: R | B156: TD | C156: P | D156: 2 | E156: 1 | F156: 6.5 | G156: 2031410100 | H156: 314101 | I156: 186 | J156: 122 | K156: 126 | L156: =J156+K156 -> 248 | M156: 314 | N156: SAN PEDRO JUCHATENGO | O156: 1 | P156: SAN PEDRO JUCHATENGO | R156: RURAL | T156: 3 | V156: MEDIA | X156: ISABEL LA CATOLICA S/N | Z156: CENTRO | AB156: ENTRE LA CALLE BENITO JUAREZ Y NINGU | AD156: 71920 | AF156: EN OPERACION | AH156: 36811 | AI156: POLVO | AK156: CON VENTA DE BASICOS | AM156: 6 | AN156: TIENDA | AP156: 3 | AQ156: DICONSA | AR156: 3045 | AS156: CARLOS ALBERTO SANCHEZ MENDEZ | AT156: 1 | AU156: NOMBRE CONCESIONARIO | AV156: 0.33333333 | AW156: 0.58333333
A157: R | B157: TD | C157: P | D157: 4 | E157: 3 | F157: 6.5 | G157: 2031710200 | H157: 317102 | I157: 86 | J157: 44 | K157: 103 | L157: =J157+K157 -> 147 | M157: 317 | N157: SAN PEDRO MÁRTIR YUCUXACO | O157: 1 | P157: SAN PEDRO MARTIR YUCUXACO | R157: RURAL | T157: 2 | V157: ALTA | X157: MIGUEL HIDALGO S/N | Z157: CENTRO, SAN PEDRO MARTÍR YUCUXACO | AB157: CALLE REFORMA Y CALLE FRONTERA | AD157: 69812 | AF157: EN OPERACION | AH157: 44124 | AI157: POLVO | AK157: CON VENTA DE BASICOS | AM157: 6 | AN157: TIENDA | AP157: 3 | AQ157: DICONSA | AR157: 3151 | AS157: SUSANA MENDOZA LOPEZ | AT157: 1 | AU157: NOMBRE CONCESIONARIO | AV157: 0.375 | AW157: 0.58333333
A158: R | B158: TD | C158: P | D158: 2 | E158: 1 | F158: 6.5 | G158: 2031810300 | H158: 318103 | I158: 51 | J158: 20 | K158: 53 | L158: =J158+K158 -> 73 | M158: 318 | N158: SAN PEDRO MIXTEPEC | O158: 5 | P158: SAN ANDRES COPALA | R158: RURAL | T158: 1 | V158: MUY ALTA | X158: CALLE PRINCIPAL | Z158: CENTRO | AB158: FRENTE AL PALACIO MUNICIPAL | AD158: 71990 | AF158: EN OPERACION | AH158: 37888 | AI158: POLVO | AK158: CON VENTA DE BASICOS | AM158: 6 | AN158: TIENDA | AP158: 3 | AQ158: DICONSA | AR158: 3045 | AS158: CARLOS ALBERTO SANCHEZ MENDEZ | AT158: 1 | AU158: NOMBRE CONCESIONARIO | AV158: 0.33333333 | AW158: 0.58333333
A159: U | B159: TD | C159: P | D159: 2 | E159: 4 | F159: 6.5 | G159: 2031810600 | H159: 318106 | I159: 127 | J159: 108 | K159: 105 | L159: =J159+K159 -> 213 | M159: 318 | N159: SAN PEDRO MIXTEPEC | O159: 9 | P159: PUERTO ESCONDIDO | R159: RURAL | T159: 3 | V159: MEDIA | X159: GUILLERMO PRIETO S/N | Z159: AEROPUERTO | AB159: CALLE 5 DE MAYO Y CALLE 5 DE FEBRERO | AD159: 71989 | AF159: EN OPERACION | AH159: 42964 | AI159: POLVO | AK159: CON VENTA DE BASICOS | AM159: 6 | AN159: TIENDA | AP159: 3 | AQ159: DICONSA | AR159: 3138 | AS159: RAMIREZ OJEDA DULCE MERCEDES | AT159: 1 | AU159: NOMBRE CONCESIONARIO | AV159: 0.33333333 | AW159: 0.58333333
A160: R | B160: TD | C160: P | D160: 2 | E160: 3 | F160: 6.5 | G160: 2031810800 | H160: 318108 | I160: 71 | J160: 71 | K160: 42 | L160: =J160+K160 -> 113 | M160: 318 | N160: SAN PEDRO MIXTEPEC | O160: 78 | P160: SAN MIGUEL [COLONIA] | R160: RURAL | T160: 1 | V160: MUY ALTA | X160: NINGUNO S/N | Z160: SAN MIGUEL | AB160: CALLE NINGUNO Y CALLE NINGUNO | AD160: 71998 | AF160: EN OPERACION | AH160: 44909 | AI160: POLVO | AK160: CON VENTA DE BASICOS | AM160: 6 | AN160: TIENDA | AP160: 3 | AQ160: DICONSA | AR160: 3086 | AS160: ACEVEDO SAN MIGUEL EDITH NANCY | AT160: 1 | AU160: NOMBRE CONCESIONARIO | AV160: 0.375 | AW160: 0.58333333
... A220: R | B220: TD | C220: P | D220: 2 | E220: 7 | F220: 6.5 | G220: 2041510200 | H220: 415102 | I220: 71 | J220: 40 | K220: 47 | L220: =J220+K220 -> 87 | M220: 415 | N220: SANTA MARÍA IPALAPA | O220: 1 | P220: SANTA MARIA IPALAPA | R220: RURAL | T220: 2 | V220: ALTA | X220: NACIONAL S/N | Z220: CENTRO | AB220: ENTRE LA CALLE IGNACIO ZARAGOZA Y NI | AD220: 71091 | AF220: EN OPERACION | AH220: 38201 | AI220: POLVO | AK220: CON VENTA DE BASICOS | AM220: 6 | AN220: TIENDA | AP220: 3 | AQ220: DICONSA | AR220: 3123 | AS220: GABRIELA ARIZBETH DIAZ SANTIAGO | AT220: 1 | AU220: NOMBRE CONCESIONARIO | AV220: 0.33333333 | AW220: 0.54166667
A221: R | B221: TD | C221: P | D221: 2 | E221: 7 | F221: 6.5 | G221: 2041510300 | H221: 415103 | I221: 61 | J221: 44 | K221: 41 | L221: =J221+K221 -> 85 | M221: 415 | N221: SANTA MARÍA IPALAPA | O221: 14 | P221: SANTA MARIA EL RINCON | R221: RURAL | T221: 2 | V221: ALTA | X221: VICENTE GUERRERO S/N | Z221: CENTRO | AB221: ENTRE PUEBLA Y ACAPULCO | AD221: 71091 | AF221: EN OPERACION | AH221: 39783 | AI221: POLVO | AK221: CON VENTA DE BASICOS | AM221: 6 | AN221: TIENDA | AP221: 3 | AQ221: DICONSA | AR221: 3123 | AS221: GABRIELA ARIZBETH DIAZ SANTIAGO | AT221: 1 | AU221: NOMBRE CONCESIONARIO
A222: R | B222: TD | C222: P | D222: 3 | E222: 1 | F222: 6.5 | G222: 2041810100 | H222: 418101 | I222: 206 | J222: 115 | K222: 202 | L222: =J222+K222 -> 317 | M222: 418 | N222: SANTA MARÍA JALAPA DEL MARQUÉS | O222: 1 | P222: SANTA MARIA JALAPA DEL MARQUES | R222: RURAL | T222: 4 | V222: BAJA | X222: AV. BENITO JUAREZ NO. 117 | Z222: AGUASCALIENTES | AB222: ENTRE LA CALLE 18 DE MARZO Y 24 DE F | AD222: 70710 | AF222: EN OPERACION | AH222: 37651 | AI222: POLVO | AK222: CON VENTA DE BASICOS | AM222: 6 | AN222: TIENDA | AP222: 3 | AQ222: DICONSA | AR222: 3198 | AS222: MARISOL RODRIGUEZ SANCHEZ | AT222: 1 | AU222: NOMBRE CONCESIONARIO | AV222: 0.375 | AW222: 0.54166667
A223: R | B223: TD | C223: P | D223: 3 | E223: 1 | F223: 6.5 | G223: 2041810200 | H223: 418102 | I223: 50 | J223: 24 | K223: 36 | L223: =J223+K223 -> 60 | M223: 418 | N223: SANTA MARÍA JALAPA DEL MARQUÉS | O223: 4 | P223: LLANO GRANDE | R223: RURAL | T223: 2 | V223: ALTA | X223: NINGUNO S/N | Z223: LLANO GRANDE | AB223: CALLE ESTUDIANTES Y CALLE NINGUNO | AD223: 70711 | AF223: EN OPERACION | AH223: 44880 | AI223: POLVO | AK223: CON VENTA DE BASICOS | AM223: 6 | AN223: TIENDA | AP223: 3 | AQ223: DICONSA | AR223: 3198 | AS223: MARISOL RODRIGUEZ SANCHEZ | AT223: 1 | AU223: NOMBRE CONCESIONARIO | AV223: 0.375 | AW223: 0.58333333
A224: R | B224: TD | C224: P | D224: 6 | E224: 1 | F224: 6.5 | G224: 2041910100 | H224: 419101 | I224: 21 | J224: 13 | K224: 20 | L224: =J224+K224 -> 33 | M224: 419 | N224: SANTA MARÍA JALTIANGUIS | O224: 1 | P224: SANTA MARIA JALTIANGUIS | R224: RURAL | T224: 3 | V224: MEDIA | X224: LAURO DE GARCÍA S/N | Z224: CENTRO | AB224: CALLE HIDALGO Y CALLE MORELOS | AD224: 68750 | AF224: EN OPERACION | AH224: 44434 | AI224: POLVO | AK224: CON VENTA DE BASICOS | AM224: 6 | AN224: TIENDA | AP224: 3 | AQ224: DICONSA | AR224: 3032 | AS224: AQUINO SANTIAGO MARIA GUADALUPE | AT224: 1 | AU224: NOMBRE CONCESIONARIO | AV224: 0.375 | AW224: 0.58333333
A225: R | B225: TD | C225: P | D225: 4 | E225: 5 | F225: 6.5 | G225: 2042210100 | H225: 422101 | I225: 58 | J225: 20 | K225: 59 | L225: =J225+K225 -> 79 | M225: 422 | N225: SANTA MARÍA NATIVITAS | O225: 1 | P225: SANTA MARIA NATIVITAS | R225: RURAL | T225: 2 | V225: ALTA | X225: BENITO JUÁREZ S/N | Z225: CENTRO, SANTA MARÍA NATIVITAS | AB225: CALLE MORELOS Y CALLE NINGUNO | AD225: 69390 | AF225: EN OPERACION | AH225: 44060 | AI225: POLVO | AK225: CON VENTA DE BASICOS | AM225: 6 | AN225: TIENDA | AP225: 3 | AQ225: DICONSA | AR225: 3033 | AS225: ECHEVERRIA TREJO ESPERANZA YESENIA | AT225: 1 | AU225: NOMBRE CONCESIONARIO | AV225: 0.375 | AW225: 0.58333333
A226: R | B226: TD | C226: P | D226: 6 | E226: 5 | F226: 6.5 | G226: 2043210300 | H226: 432103 | I226: 51 | J226: 38 | K226: 24 | L226: =J226+K226 -> 62 | M226: 432 | N226: SANTA MARÍA TEMAXCALAPA | O226: 1 | P226: SANTA MARIA TEMAXCALAPA | R226: RURAL | T226: 2 | V226: ALTA | X226: REVOLUCIÓN S/N | Z226: CENTRO | AB226: CALLE NINGUNO Y CALLE NINGUNO | AD226: 68834 | AF226: EN OPERACION | AH226: 44778 | AI226: POLVO | AK226: CON VENTA DE BASICOS | AM226: 6 | AN226: TIENDA | AP226: 3 | AQ226: DICONSA | AR226: 3040 | AS226: VASQUEZ CABALLERO DAVID | AT226: 1 | AU226: NOMBRE CONCESIONARIO | AV226: 0.375 | AW226: 0.58333333
A227: R | B227: TD | C227: P | D227: 6 | E227: 5 | F227: 6.5 | G227: 2043710100 | H227: 437101 | I227: 41 | J227: 32 | K227: 19 | L227: =J227+K227 -> 51 | M227: 437 | N227: SANTA MARÍA TLAHUITOLTEPEC | O227: 8 | P227: SANTA MARIA YACOCHI | R227: RURAL | T227: 2 | V227: ALTA | X227: NINGUNO S/N | Z227: SANTA MARÍA YACOCHI (CENTRO) | AB227: CALLE NINGUNO Y CALLE NINGUNO | AD227: 70267 | AF227: EN OPERACION | AH227: 44802 | AI227: POLVO | AK227: CON VENTA DE BASICOS | AM227: 6 | AN227: TIENDA | AP227: 3 | AQ227: DICONSA | AR227: 3040 | AS227: VASQUEZ CABALLERO DAVID | AT227: 1 | AU227: NOMBRE CONCESIONARIO | AV227: 0.375 | AW227: 0.58333333
A228: R | B228: TD | C228: P | D228: 6 | E228: 2 | F228: 6.5 | G228: 2043710200 | H228: 437102 | I228: 63 | J228: 41 | K228: 34 | L228: =J228+K228 -> 75 | M228: 437 | N228: SANTA MARÍA TLAHUITOLTEPEC | O228: 5 | P228: SANTA CRUZ | R228: RURAL | T228: 2 | V228: ALTA | X228: NINGUNO S/N | Z228: SANTA CRUZ | AB228: EN LA TIENDA DICONSA NÚMERO 110, A U | AD228: 70265 | AF228: EN OPERACION | AH228: 45105 | AI228: POLVO | AK228: CON VENTA DE BASICOS | AM228: 6 | AN228: TIENDA | AP228: 3 | AQ228: DICONSA | AR228: 3039 | AS228: SANTOS PINELO FLOR MAGDALENA | AT228: 208742 | AU228: ROJAS RODRIGUEZ SOLEDAD | AV228: 0.375 | AW228: 0.58333333
A229: R | B229: TD | C229: P | D229: 2 | E229: 7 | F229: 6.5 | G229: 2044610100 | H229: 446101 | I229: 38 | J229: 18 | K229: 34 | L229: =J229+K229 -> 52 | M229: 446 | N229: SANTA MARÍA YUCUHITI | O229: 5 | P229: REYES LLANO GRANDE | R229: RURAL | T229: 3 | V229: MEDIA | X229: REFORMA S/N | Z229: REYES LLANO GRANDE | AB229: CALLE 18 DE OCTUBRE Y CALLE NIÑOS HE | AD229: 71114 | AF229: EN OPERACION | AH229: 44678 | AI229: POLVO | AK229: CON VENTA DE BASICOS | AM229: 6 | AN229: TIENDA | AP229: 3 | AQ229: DICONSA | AR229: 3123 | AS229: GABRIELA ARIZBETH DIAZ SANTIAGO | AT229: 1 | AU229: NOMBRE CONCESIONARIO | AV229: 0.375 | AW229: 0.58333333
A230: R | B230: TD | C230: P | D230: 2 | E230: 7 | F230: 6.5 | G230: 2044710300 | H230: 447103 | I230: 103 | J230: 45 | K230: 83 | L230: =J230+K230 -> 128 | M230: 447 | N230: SANTA MARÍA ZACATEPEC | O230: 4 | P230: SAN JUAN CABEZA DEL RIO | R230: RURAL | T230: 2 | V230: ALTA | X230: INDEPENDENCIA S/N | Z230: CENTRO | AB230: AL LADO DE LA AGENCIA MUNICIPAL | AD230: 71050 | AF230: EN OPERACION | AH230: 40260 | AI230: POLVO | AK230: CON VENTA DE BASICOS | AM230: 6 | AN230: TIENDA | AP230: 3 | AQ230: DICONSA | AR230: 3123 | AS230: GABRIELA ARIZBETH DIAZ SANTIAGO | AT230: 1 | AU230: NOMBRE CONCESIONARIO | AV230: 0.33333333 | AW230: 0.54166667
A231: R | B231: TD | C231: P | D231: 2 | E231: 7 | F231: 6.5 | G231: 2044710600 | H231: 447106 | I231: 44 | J231: 23 | K231: 31 | L231: =J231+K231 -> 54 | M231: 447 | N231: SANTA MARÍA ZACATEPEC | O231: 11 | P231: SANTIAGO LLANO GRANDE | R231: RURAL | T231: 2 | V231: ALTA | X231: PRINCIPAL S/N | Z231: CENTRO | AB231: CARRETERA A LA REFORMA | AD231: 71200 | AF231: EN OPERACION | AH231: 41829 | AI231: POLVO | AK231: CON VENTA DE BASICOS | AM231: 6 | AN231: TIENDA | AP231: 3 | AQ231: DICONSA | AR231: 3123 | AS231: GABRIELA ARIZBETH DIAZ SANTIAGO | AT231: 1 | AU231: NOMBRE CONCESIONARIO | AV231: 0.33333333 | AW231: 0.58333333
A232: R | B232: TD | C232: P | D232: 6 | E232: 1 | F232: 6.5 | G232: 2045810100 | H232: 458101 | I232: 26 | J232: 12 | K232: 28 | L232: =J232+K232 -> 40 | M232: 458 | N232: SANTIAGO COMALTEPEC | O232: 1 | P232: SANTIAGO COMALTEPEC | R232: RURAL | T232: 2 | V232: ALTA | X232: CIRCUITO SUR S/N | Z232: SANTIAGO COMALTEPEC | AB232: TIENDA DICONSA NUMERO 21 | AD232: 68710 | AF232: EN OPERACION | AH232: 44750 | AI232: POLVO | AK232: CON VENTA DE BASICOS | AM232: 6 | AN232: TIENDA | AP232: 3 | AQ232: DICONSA | AR232: 3032 | AS232: AQUINO SANTIAGO MARIA GUADALUPE | AT232: 208653 | AU232: PERALTA REYES RAMIRO | AV232: 0.375 | AW232: 0.58333333
A233: R | B233: TD | C233: P | D233: 4 | E233: 8 | F233: 6.5 | G233: 2045910100 | H233: 459101 | I233: 87 | J233: 23 | K233: 86 | L233: =J233+K233 -> 109 | M233: 459 | N233: VILLA DE SANTIAGO CHAZUMBA | O233: 9 | P233: SANTO DOMINGO TIANGUISTENGO | R233: RURAL | T233: 2 | V233: ALTA | X233: CAMINO NACIONAL NUM. 25 | Z233: SANTO DOMINGO TLANGUISTENGO | AB233: CERCA DE LA PANADERIA SANTO DOMINGO | AD233: 69011 | AF233: EN OPERACION | AH233: 46035 | AI233: POLVO | AK233: CON VENTA DE BASICOS | AM233: 6 | AN233: TIENDA | AP233: 3 | AQ233: DICONSA | AR233: 3128 | AS233: VIANNY YAZMIN VELASCO MATUS | AT233: 209155 | AU233: PINEDA VILLEGAS JUANA | AV233: 0.375 | AW233: 0.58333333
... A273: R | B273: TD | C273: P | D273: 5 | E273: 2 | F273: 6.5 | G273: 2081058100 | H273: 810581 | I273: 111 | J273: 67 | K273: 132 | L273: =J273+K273 -> 199 | M273: 417 | N273: SANTA MARÍA JACATEPEC | O273: 1 | P273: SANTA MARIA JACATEPEC | R273: RURAL | T273: 3 | V273: MEDIA | X273: EMILIANO ZAPATA NO. 10 | Z273: CENTRO | AB273: ENTRE LA CALLE JOSEFA ORTIZ DE DOMIN | AD273: 68466 | AF273: EN OPERACION | AH273: 33817 | AI273: POLVO | AK273: CON VENTA DE BASICOS | AM273: 6 | AN273: TIENDA | AP273: 3 | AQ273: DICONSA | AR273: 3059 | AS273: PEREZ DOMINGUEZ SILVIA | AT273: 1 | AU273: NOMBRE CONCESIONARIO | AV273: 0.375 | AW273: 0.58333333
I276: FAMILIAS | J276: MENORES | K276: ADULTOS | L276: BENEFICIARIOS
H277: =COUNTA(I2:I273) -> 272 | I277: =SUM(I2:I273) -> 28424 | J277: =SUM(J2:J273) -> 17537 | K277: =SUM(K2:K273) -> 24381 | L277: =SUM(L2:L273) -> 41918

Sheet POR ALMACEN
A1: LECHE PARA EL BIENESTAR, S.A. DE C.V.
A2: GERENCIA ESTATAL OAXACA
A3: DEPARTAMENTO DE DISTRIBUCION Y TRANSPORTACION
A4: REQUERIMIENTO DE LECHE EN POLVO CORRESPONDIENTE AL MES DE JUNIO DEL 2026.
A5: LECHERIAS INCORPORADAS AL CONVENIO LECHE PARA EL BIENESTAR-ALIMENTACION PARA EL BIENESTAR 6.50 X LITRO
L6: PADRON DE BENEFICIARIOS. AL CIERRE DE ABRIL 2026
A7: LECHERÍA | B7: TIENDA | D7: PADRÓN | F7: DOT. | G7: Envio | H7: EXIST. | I7: EXISTENCIA | K7: Envio Program. | L7: EXIST.ESTIMADA | M7: % AJUSTE | O7: SOBRANTE | P7: CAJAS | Q7: GUIA DIST.
A8: NÚM. | B8: No. | C8: L O C A L I D A D | D8: FAM. | E8: BENEF. | F8: MEN. | G8: ABRIL | H8: EN | I8: CAJ. | J8: SOB. | K8: MAYO | L8: INICIO | M8: DOT. TEORICA | O8: ESTIM. P/ | P8: SOLIC. X | Q8: JUNIO
F9: TEORICA | H9: ALMACEN | M9: % | N9: CAJAS | P9: SUPERV.
B11: ALMACEN RURAL : CHALCATONGO
A14: 88104 | B14: 23 | C14: SAN ANDRES CABECERA NUEVA | D14: 69 | E14: 107 | F14: =E14*0.666*24/72 | G14: 0 | H14: 0 | I14: 0 | J14: 0 | K14: 0 | L14: 0 | M14: 0 | N14: 0 | O14: 0 | Q14: =+P14
A15: 120423 | B15: 15 | C15: CHALCATONGO DE HIDALGO | D15: 307 | E15: 428 | F15: =E15*0.666*24/72 | G15: 0 | H15: 0 | I15: 0 | J15: 0 | K15: 0 | L15: 0 | M15: 0 | N15: 0 | O15: 0 | Q15: =+P15
A16: 133106 | B16: 105 | C16: SAN ESTEBAN ATATLAHUACA | D16: 213 | E16: 267 | F16: =E16*0.666*24/72 | G16: 0 | H16: 0 | I16: 0 | J16: 0 | K16: 0 | L16: 0 | M16: 0 | N16: 0 | O16: 0 | Q16: =+P16
A17: 269103 | B17: 106 | C17: SAN MIGUEL EL GRANDE | D17: 60 | E17: 81 | F17: =E17*0.666*24/72 | G17: 0 | H17: 0 | I17: 0 | J17: 0 | K17: 0 | L17: 0 | M17: 0 | N17: 0 | O17: 0 | Q17: =+P17
A18: 320101 | B18: 4 | C18: SAN PEDRO MOLINOS | D18: 53 | E18: 74 | F18: =E18*0.666*24/72 | G18: 0 | H18: 0 | I18: 0 | J18: 0 | K18: 0 | L18: 0 | M18: 0 | N18: 0 | O18: 0 | Q18: =+P18
A19: 371102 | B19: 119 | C19: SANTA CATARINA TICU | D19: 76 | E19: 96 | F19: =E19*0.666*24/72 | G19: 0 | H19: 0 | I19: 0 | J19: 0 | K19: 0 | L19: 0 | M19: 0 | N19: 0 | O19: 0 | Q19: =+P19
A20: 510102 | B20: 10 | C20: SANTO DOMINGO IXCATL N | D20: 56 | E20: 64 | F20: =E20*0.666*24/72 | G20: 0 | H20: 0 | I20: 0 | J20: 0 | K20: 0 | L20: 0 | M20: 0 | N20: 0 | O20: 0 | Q20: =+P20
A22: T O T A L | C22: =COUNTA(A14:A20) | D22: =SUM(D14:D20) | E22: =SUM(E14:E20) | F22: =SUM(F14:F20) | G22: =SUM(G14:G20) | H22: =SUM(H14:H20) | I22: =SUM(I14:I20) | J22: =SUM(J14:J20) | K22: =SUM(K14:K20) | ... Q22: =SUM(Q14:Q20)
A23: OBSERVACIONES:
P24: TOTAL A RECIBIR EN ALMACEN: | Q24: =Q22
B27: ALMACEN RURAL : COIXTLAHUACA
A30: 100144 | B30: 50 | C30: COL CENTRO | D30: 210 | E30: 341 | F30: =E30*0.666*24/72 | G30: 0 | H30: 0 | I30: 0 | J30: 0 | K30: 0 | L30: 0 | M30: 0 | N30: 0 | O30: 0 | Q30: =+P30
A31: 120438 | B31: 65 | C31: TEPELMEME VILLA DE MORELOS | D31: 136 | E31: 205 | F31: =E31*0.666*24/72 | G31: 0 | H31: 0 | I31: 0 | J31: 0 | K31: 0 | L31: 0 | M31: 0 | N31: 0 | O31: 0 | Q31: =+P31
A32: 283101 | B32: 66 | C32: SAN MIGUEL TEQUIXTEPEC | D32: 91 | E32: 127 | F32: =E32*0.666*24/72 | G32: 0 | H32: 0 | I32: 0 | J32: 0 | K32: 0 | L32: 0 | M32: 0 | N32: 0 | O32: 0 | Q32: =+P32
A33: 422101 | B33: 23 | C33: SANTA MARIA NATIVITAS | D33: 58 | E33: 79 | F33: =E33*0.666*24/72 | G33: 0 | H33: 0 | I33: 0 | J33: 0 | K33: 0 | L33: 0 | M33: 0 | N33: 0 | O33: 0 | Q33: =+P33
A34: 552101 | B34: 27 | C34: TLACOTEPEC PLUMAS | D34: 53 | E34: 80 | F34: =E34*0.666*24/72 | G34: 0 | H34: 0 | I34: 0 | J34: 0 | K34: 0 | L34: 0 | M34: 0 | N34: 0 | O34: 0 | Q34: =+P34
A35: 556101 | B35: 10 | C35: LA TRINIDAD VISTA HERMOSA | D35: 69 | E35: 107 | F35: =E35*0.666*24/72 | G35: 0 | H35: 0 | I35: 0 | J35: 0 | K35: 0 | L35: 0 | M35: 0 | N35: 0 | O35: 0 | Q35: =+P35
A37: T O T A L | C37: =COUNTA(A30:A35) | D37: =SUM(D30:D35) | E37: =SUM(E30:E35) | F37: =SUM(F30:F35) | G37: =SUM(G30:G35) | H37: =SUM(H30:H35) | I37: =SUM(I30:I35) | J37: =SUM(J30:J35) | K37: =SUM(K30:K35) | ... Q37: =SUM(Q30:Q35)
A38: OBSERVACIONES:
P39: TOTAL A RECIBIR EN ALMACEN: | Q39: =Q37
B42: ALMACEN RURAL : CONSTANCIA DEL ROSARIO
A45: 73101 | B45: 46 | C45: SANTIAGO AMATE COLORADO | D45: 49 | E45: 83 | F45: =E45*0.666*24/72 | G45: 0 | H45: 0 | I45: 0 | J45: 0 | K45: 0 | L45: 0 | M45: 0 | N45: 0 | O45: 0 | Q45: =+P45
A46: 73113 | B46: 13 | C46: SAN PEDRO SINIYUVI | D46: 66 | E46: 79 | F46: =E46*0.666*24/72 | G46: 0 | H46: 0 | I46: 0 | J46: 0 | K46: 0 | L46: 0 | M46: 0 | N46: 0 | O46: 0 | Q46: =+P46
A47: 73114 | B47: 9 | C47: SAN ANDRES CHICAHUAXTLA | D47: 68 | E47: 81 | F47: =E47*0.666*24/72 | G47: 0 | H47: 0 | I47: 0 | J47: 0 | K47: 0 | L47: 0 | M47: 0 | N47: 0 | O47: 0 | Q47: =+P47
A48: 73115 | B48: 31 | C48: ASUNCION ATOYAQUILLO | D48: 101 | E48: 120 | F48: =E48*0.666*24/72 | G48: 0 | H48: 0 | I48: 0 | J48: 0 | K48: 0 | L48: 0 | M48: 0 | N48: 0 | O48: 0 | Q48: =+P48
A49: 76101 | B49: 33 | C49: LA REFORMA | D49: 78 | E49: 123 | F49: =E49*0.666*24/72 | G49: 0 | H49: 0 | I49: 0 | J49: 0 | K49: 0 | L49: 0 | M49: 0 | N49: 0 | O49: 0 | Q49: =+P49
A50: 76102 | B50: 42 | C50: ESTANZUELA GRANDE | D50: 61 | E50: 94 | F50: =E50*0.666*24/72 | G50: 0 | H50: 0 | I50: 0 | J50: 0 | K50: 0 | L50: 0 | M50: 0 | N50: 0 | O50: 0 | Q50: =+P50
A51: 120347 | B51: 79 | C51: PUTLA DE GUERRERO | D51: 485 | E51: 705 | F51: =E51*0.666*24/72 | G51: 0 | H51: 0 | I51: 0 | J51: 0 | K51: 0 | L51: 0 | M51: 0 | N51: 0 | O51: 0 | Q51: =+P51
A52: 120427 | B52: 93 | C52: NUEVO TENOCHTITLAN | D52: 56 | E52: 80 | F52: =E52*0.666*24/72 | G52: 0 | H52: 0 | I52: 0 | J52: 0 | K52: 0 | L52: 0 | M52: 0 | N52: 0 | O52: 0 | Q52: =+P52
A53: 120535 | B53: 24 | C53: SANTA MARIA ZACATEPEC | D53: 309 | E53: 495 | F53: =E53*0.666*24/72 | G53: 0 | H53: 0 | I53: 0 | J53: 0 | K53: 0 | L53: 0 | M53: 0 | N53: 0 | O53: 0 | Q53: =+P53
A54: 415101 | B54: 17 | C54: ZOCOTEACA DE LEON | D54: 68 | E54: 95 | F54: =E54*0.666*24/72 | G54: 0 | H54: 0 | I54: 0 | J54: 0 | K54: 0 | L54: 0 | M54: 0 | N54: 0 | O54: 0 | Q54: =+P54
A55: 415102 | B55: 14 | C55: SANTA MARIA IPALAPA | D55: 71 | E55: 87 | F55: =E55*0.666*24/72 | G55: 0 | H55: 0 | I55: 0 | J55: 0 | K55: 0 | L55: 0 | M55: 0 | N55: 0 | O55: 0 | Q55: =+P55
A56: 415103 | B56: 49 | C56: SANTA MARIA EL RINCON | D56: 61 | E56: 85 | F56: =E56*0.666*24/72 | G56: 0 | H56: 0 | I56: 0 | J56: 0 | K56: 0 | L56: 0 | M56: 0 | N56: 0 | O56: 0 | Q56: =+P56
... A61: 469105 | B61: 103 | C61: LAZARO CARDENAS COPALA | D61: 54 | E61: 104 | F61: =E61*0.666*24/72 | G61: 0 | H61: 0 | I61: 0 | J61: 0 | K61: 0 | L61: 0 | M61: 0 | N61: 0 | O61: 0 | Q61: =+P61
A63: T O T A L | C63: =COUNTA(A45:A61) | D63: =SUM(D45:D61) | E63: =SUM(E45:E61) | F63: =SUM(F45:F61) | G63: =SUM(G45:G61) | H63: =SUM(H45:H61) | I63: =SUM(I45:I61) | J63: =SUM(J45:J61) | K63: =SUM(K45:K61) | ... Q63: =SUM(Q45:Q61)
A64: OBSERVACIONES:
P65: TOTAL A RECIBIR EN ALMACEN: | Q65: =Q63
B68: ALMACEN RURAL : HUAJOLOTITLAN
A71: 22101 | B71: 14 | C71: COSOLTEPEC | D71: 68 | E71: 87 | F71: =E71*0.666*24/72 | G71: 0 | H71: 0 | I71: 0 | J71: 0 | K71: 0 | L71: 0 | M71: 0 | N71: 0 | O71: 0 | Q71: =+P71
A72: 39114 | B72: 8 | C72: EL MOLINO | D72: 71 | E72: 92 | F72: =E72*0.666*24/72 | G72: 0 | H72: 0 | I72: 0 | J72: 0 | K72: 0 | L72: 0 | M72: 0 | N72: 0 | O72: 0 | Q72: =+P72
A73: 39115 | B73: 108 | C73: BUENA VISTA | D73: 77 | E73: 102 | F73: =E73*0.666*24/72 | G73: 0 | H73: 0 | I73: 0 | J73: 0 | K73: 0 | L73: 0 | M73: 0 | N73: 0 | O73: 0 | Q73: =+P73
A74: 120439 | B74: 85 | C74: TEZOATLAN DE SEGURA Y LUNA | D74: 305 | E74: 465 | F74: =E74*0.666*24/72 | G74: 0 | H74: 0 | I74: 0 | J74: 0 | K74: 0 | L74: 0 | M74: 0 | N74: 0 | O74: 0 | Q74: =+P74
A75: 120448 | B75: 21 | C75: SANTIAGO CHAZUMBA | D75: 250 | E75: 392 | F75: =E75*0.666*24/72 | G75: 0 | H75: 0 | I75: 0 | J75: 0 | K75: 0 | L75: 0 | M75: 0 | N75: 0 | O75: 0 | Q75: =+P75
A76: 120458 | B76: 31 | C76: SANTIAGO MILTEPEC | D76: 76 | E76: 118 | F76: =E76*0.666*24/72 | G76: 0 | H76: 0 | I76: 0 | J76: 0 | K76: 0 | L76: 0 | M76: 0 | N76: 0 | O76: 0 | Q76: =+P76
A77: 165101 | B77: 11 | C77: SAN JOSE AYUQUILLA | D77: 45 | E77: 65 | F77: =E77*0.666*24/72 | G77: 0 | H77: 0 | I77: 0 | J77: 0 | K77: 0 | L77: 0 | M77: 0 | N77: 0 | O77: 0 | Q77: =+P77
A78: 237101 | B78: 91 | C78: SAN MARCOS ARTEAGA | D78: 67 | E78: 107 | F78: =E78*0.666*24/72 | G78: 0 | H78: 0 | I78: 0 | J78: 0 | K78: 0 | L78: 0 | M78: 0 | N78: 0 | O78: 0 | Q78: =+P78
A79: 340102 | B79: 23 | C79: SAN PEDRO Y SAN PABLO TEQUIXTEPEC | D79: 77 | E79: 100 | F79: =E79*0.666*24/72 | G79: 0 | H79: 0 | I79: 0 | J79: 0 | K79: 0 | L79: 0 | M79: 0 | N79: 0 | O79: 0 | Q79: =+P79
A80: 549102 | B80: 62 | C80: SAN ANDRES YUTAT O | D80: 33 | E80: 50 | F80: =E80*0.666*24/72 | G80: 0 | H80: 0 | I80: 0 | J80: 0 | K80: 0 | L80: 0 | M80: 0 | N80: 0 | O80: 0 | Q80: =+P80
A81: 549103 | B81: 94 | C81: SAN MARTIN DEL RIO | D81: 64 | E81: 91 | F81: =E81*0.666*24/72 | G81: 0 | H81: 0 | I81: 0 | J81: 0 | K81: 0 | L81: 0 | M81: 0 | N81: 0 | O81: 0 | Q81: =+P81
A82: 549104 | B82: 23 | C82: SANTA MARIA TINDU | D82: 73 | E82: 128 | F82: =E82*0.666*24/72 | G82: 0 | H82: 0 | I82: 0 | J82: 0 | K82: 0 | L82: 0 | M82: 0 | N82: 0 | O82: 0 | Q82: =+P82
A83: 549105 | B83: 118 | C83: GUADALUPE DE CISNEROS | D83: 88 | E83: 136 | F83: =E83*0.666*24/72 | G83: 0 | H83: 0 | I83: 0 | J83: 0 | K83: 0 | L83: 0 | M83: 0 | N83: 0 | O83: 0 | Q83: =+P83
A85: T O T A L | C85: =COUNTA(A71:A83) | D85: =SUM(D71:D83) | E85: =SUM(E71:E83) | F85: =SUM(F71:F83) | G85: =SUM(G71:G83) | H85: =SUM(H71:H83) | I85: =SUM(I71:I83) | J85: =SUM(J71:J83) | K85: =SUM(K71:K83) | ... Q85: =SUM(Q71:Q83)
A86: OBSERVACIONES:
P87: TOTAL A RECIBIR EN ALMACEN: | Q87: =Q85
B90: ALMACEN RURAL : TACACHE DE MINA
A93: 55101 | B93: 17 | C93: MARISCALA DE JUAREZ | D93: 139 | E93: 206 | F93: =E93*0.666*24/72 | G93: 0 | H93: 0 | I93: 0 | J93: 0 | K93: 0 | L93: 0 | M93: 0 | N93: 0 | O93: 0 | Q93: =+P93
A94: 55102 | B94: 95 | C94: SAN PEDRO ATOYAC | D94: 51 | E94: 79 | F94: =E94*0.666*24/72 | G94: 0 | H94: 0 | I94: 0 | J94: 0 | K94: 0 | L94: 0 | M94: 0 | N94: 0 | O94: 0 | Q94: =+P94
A95: 290102 | B95: 75 | C95: SAN NICOLAS HIDALGO | D95: 78 | E95: 109 | F95: =E95*0.666*24/72 | G95: 0 | H95: 0 | I95: 0 | J95: 0 | K95: 0 | L95: 0 | M95: 0 | N95: 0 | O95: 0 | Q95: =+P95
A97: T O T A L | C97: =COUNTA(A93:A95) | D97: =SUM(D93:D95) | E97: =SUM(E93:E95) | F97: =SUM(F93:F95) | G97: =SUM(G93:G95) | H97: =SUM(H93:H95) | I97: =SUM(I93:I95) | J97: =SUM(J93:J95) | K97: =SUM(K93:K95) | ... Q97: =SUM(Q93:Q95)
A98: OBSERVACIONES:
P99: TOTAL A RECIBIR EN ALMACEN: | Q99: =Q97
B102: ALMACEN RURAL : TLAXIACO
A105: 100426 | B105: 69 | C105: SAN SEBASTIAN (TLAXIACO) | D105: 420 | E105: 604 | F105: =E105*0.666*24/72 | G105: 0 | H105: 0 | I105: 0 | J105: 0 | K105: 0 | L105: 0 | M105: 0 | N105: 0 | O105: 0 | Q105: =+P105
A106: 120532 | B106: 30 | C106: SANTA CATARINA TAYATA | D106: 69 | E106: 96 | F106: =E106*0.666*24/72 | G106: 0 | H106: 0 | I106: 0 | J106: 0 | K106: 0 | L106: 0 | M106: 0 | N106: 0 | O106: 0 | Q106: =+P106
A107: 172101 | B107: 10 | C107: SAN JUAN ACHIUTLA | D107: 62 | E107: 76 | F107: =E107*0.666*24/72 | G107: 0 | H107: 0 | I107: 0 | J107: 0 | K107: 0 | L107: 0 | M107: 0 | N107: 0 | O107: 0 | Q107: =+P107
A108: 239101 | B108: 150 | C108: SAN MARTIN HUAMELULPAM | D108: 49 | E108: 70 | F108: =E108*0.666*24/72 | G108: 0 | H108: 0 | I108: 0 | J108: 0 | K108: 0 | L108: 0 | M108: 0 | N108: 0 | O108: 0 | Q108: =+P108
A109: 317102 | B109: 8 | C109: SAN PEDRO MARTIR YUCUXACO | D109: 85 | E109: 146 | F109: =E109*0.666*24/72 | G109: 0 | H109: 0 | I109: 0 | J109: 0 | K109: 0 | L109: 0 | M109: 0 | N109: 0 | O109: 0 | Q109: =+P109
A110: 346102 | B110: 152 | C110: SAN SEBASTIAN NICANANDUTA | D110: 58 | E110: 66 | F110: =E110*0.666*24/72 | G110: 0 | H110: 0 | I110: 0 | J110: 0 | K110: 0 | L110: 0 | M110: 0 | N110: 0 | O110: 0 | Q110: =+P110
A111: 379103 | B111: 15 | C111: SANTA CRUZ NUNDACO | D111: 81 | E111: 91 | F111: =E111*0.666*24/72 | G111: 0 | H111: 0 | I111: 0 | J111: 0 | K111: 0 | L111: 0 | M111: 0 | N111: 0 | O111: 0 | Q111: =+P111
A112: 379104 | B112: 135 | C112: SAN ISIDRO VISTA HERMOSA | D112: 62 | E112: 75 | F112: =E112*0.666*24/72 | G112: 0 | H112: 0 | I112: 0 | J112: 0 | K112: 0 | L112: 0 | M112: 0 | N112: 0 | O112: 0 | Q112: =+P112
A113: 397104 | B113: 142 | C113: BARRIO SAN NICOLAS (TLAXIACO) | D113: 262 | E113: 386 | F113: =E113*0.666*24/72 | G113: 0 | H113: 0 | I113: 0 | J113: 0 | K113: 0 | L113: 0 | M113: 0 | N113: 0 | O113: 0 | Q113: =+P113
A114: 397105 | B114: 83 | C114: BARRIO SAN PEDRO | D114: 267 | E114: 377 | F114: =E114*0.666*24/72 | G114: 0 | H114: 0 | I114: 0 | J114: 0 | K114: 0 | L114: 0 | M114: 0 | N114: 0 | O114: 0 | Q114: =+P114
A115: 397106 | B115: 153 | C115: BARRIO SAN DIEGO | D115: 165 | E115: 235 | F115: =E115*0.666*24/72 | G115: 0 | H115: 0 | I115: 0 | J115: 0 | K115: 0 | L115: 0 | M115: 0 | N115: 0 | O115: 0 | Q115: =+P115
A116: 397107 | B116: 167 | C116: EL CAPULIN | D116: 48 | E116: 66 | F116: =E116*0.666*24/72 | G116: 0 | H116: 0 | I116: 0 | J116: 0 | K116: 0 | L116: 0 | M116: 0 | N116: 0 | O116: 0 | Q116: =+P116
... A122: 532101 | B122: 18 | C122: SANTO TOMAS OCOTEPEC | D122: 101 | E122: 139 | F122: =E122*0.666*24/72 | G122: 0 | H122: 0 | I122: 0 | J122: 0 | K122: 0 | L122: 0 | M122: 0 | N122: 0 | O122: 0 | Q122: =+P122
A124: T O T A L | C124: =COUNTA(A105:A122) | D124: =SUM(D105:D122) | E124: =SUM(E105:E122) | F124: =SUM(F105:F122) | G124: =SUM(G105:G122) | H124: =SUM(H105:H122) | I124: =SUM(I105:I122) | J124: =SUM(J105:J122) | K124: =SUM(K105:K122) | ... Q124: =SUM(Q105:Q122)
A125: OBSERVACIONES:
P126: TOTAL A RECIBIR EN ALMACEN: | Q126: =Q124
B129: ALMACEN RURAL : TECOMAXTLAHUACA
A132: 120297 | B132: 50 | C132: SANTIAGO JUXTLAHUACA | D132: 359 | E132: 669 | F132: =E132*0.666*24/72 | G132: 0 | H132: 0 | I132: 0 | J132: 0 | K132: 0 | L132: 0 | M132: 0 | N132: 0 | O132: 0 | Q132: =+P132
A133: 520102 | B133: 70 | C133: SANTO DOMINGO TONAL | D133: 137 | E133: 234 | F133: =E133*0.666*24/72 | G133: 0 | H133: 0 | I133: 0 | J133: 0 | K133: 0 | L133: 0 | M133: 0 | N133: 0 | O133: 0 | Q133: =+P133
A135: T O T A L | C135: =COUNTA(A132:A133) | D135: =SUM(D132:D133) | E135: =SUM(E132:E133) | F135: =SUM(F132:F133) | G135: =SUM(G132:G133) | H135: =SUM(H132:H133) | I135: =SUM(I132:I133) | J135: =SUM(J132:J133) | K135: =SUM(K132:K133) | ... Q135: =SUM(Q132:Q133)
A136: OBSERVACIONES:
P137: TOTAL A RECIBIR EN ALMACEN: | Q137: =Q135
B140: ALMACEN RURAL : YANHUITLAN
A143: 93102 | B143: 40 | C143: SAN ANDRES LAGUNAS | D143: 55 | E143: 69 | F143: =E143*0.666*24/72 | G143: 0 | H143: 0 | I143: 0 | J143: 0 | K143: 0 | L143: 0 | M143: 0 | N143: 0 | O143: 0 | Q143: =+P143
A144: 144103 | B144: 58 | C144: SAN FRANCISCO JALTEPETONGO | D144: 57 | E144: 73 | F144: =E144*0.666*24/72 | G144: 0 | H144: 0 | I144: 0 | J144: 0 | K144: 0 | L144: 0 | M144: 0 | N144: 0 | O144: 0 | Q144: =+P144
A145: 215101 | B145: 136 | C145: SAN JUAN SAYULTEPEC | D145: 76 | E145: 112 | F145: =E145*0.666*24/72 | G145: 0 | H145: 0 | I145: 0 | J145: 0 | K145: 0 | L145: 0 | M145: 0 | N145: 0 | O145: 0 | Q145: =+P145
A146: 221102 | B146: 25 | C146: SAN JUAN TEPOSCOLULA | D146: 65 | E146: 94 | F146: =E146*0.666*24/72 | G146: 0 | H146: 0 | I146: 0 | J146: 0 | K146: 0 | L146: 0 | M146: 0 | N146: 0 | O146: 0 | Q146: =+P146
A147: 224102 | B147: 141 | C147: SANTA MARIA CHACHOAPAM | D147: 115 | E147: 162 | F147: =E147*0.666*24/72 | G147: 0 | H147: 0 | I147: 0 | J147: 0 | K147: 0 | L147: 0 | M147: 0 | N147: 0 | O147: 0 | Q147: =+P147
...

Sheet TOTAL
A1: LECHE PARA EL BIENESTAR, S.A. DE C.V.
A2: GERENCIA ESTATAL OAXACA
A3: DEPARTAMENTO DE DISTRIBUCIÓN Y TRANSPORTACIÓN
A4: =+'POR ALMACEN'!A4 -> REQUERIMIENTO DE LECHE EN POLVO CORRESPONDIENTE AL MES DE JUNIO DEL 2026.
A5: LECHERIAS INCORPORADAS AL CONVENIO LECHE PARA EL BIENESTAR-ALIMENTACION PARA EL BIENESTAR Precio $6.50 Lt. COD:1360
A7: ALMACEN DICONSA | C7: NUMERO DE TIENDAS | D7: PADRÓN | F7: DOTACION MENSUAL TEOR. | G7: SOBRANTE EN ALMACEN RURAL | H7: * REQUERIMIENTO * | J7: TOTALES POR SUCURSALES RURALES
D8: FAM. | E8: BENEF. | H8: CAJAS | I8: CAJAS A ENVIAR A ALMC. RURAL
A11: SUCURSAL HUAJUAPAN | J11: =SUM(I13:I20)
B13: CHALCATONGO | C13: =+'POR ALMACEN'!C22 | D13: =+'POR ALMACEN'!D22 | E13: =+'POR ALMACEN'!E22 | F13: =+'POR ALMACEN'!F22 | G13: 0 | H13: =+'POR ALMACEN'!P22 | I13: =H13-G13
B14: COIXTLAHUACA | C14: =+'POR ALMACEN'!C37 | D14: =+'POR ALMACEN'!D37 | E14: =+'POR ALMACEN'!E37 | F14: =+'POR ALMACEN'!F37 | G14: 0 | H14: =+'POR ALMACEN'!P37 | I14: =H14-G14
B15: CONSTANCIA DEL ROSARIO | C15: =+'POR ALMACEN'!C63 | D15: =+'POR ALMACEN'!D63 | E15: =+'POR ALMACEN'!E63 | F15: =+'POR ALMACEN'!F63 | G15: 0 | H15: =+'POR ALMACEN'!P63 | I15: =H15-G15
B16: HUAJOLOTITLAN | C16: =+'POR ALMACEN'!C85 | D16: =+'POR ALMACEN'!D85 | E16: =+'POR ALMACEN'!E85 | F16: =+'POR ALMACEN'!F85 | G16: 0 | H16: =+'POR ALMACEN'!P85 | I16: =H16-G16
B17: TACACHE DE MINA | C17: =+'POR ALMACEN'!C97 | D17: =+'POR ALMACEN'!D97 | E17: =+'POR ALMACEN'!E97 | F17: =+'POR ALMACEN'!F97 | G17: 0 | H17: =+'POR ALMACEN'!P97 | I17: =H17-G17
B18: TLAXIACO | C18: =+'POR ALMACEN'!C124 | D18: =+'POR ALMACEN'!D124 | E18: =+'POR ALMACEN'!E124 | F18: =+'POR ALMACEN'!F124 | G18: 0 | H18: =+'POR ALMACEN'!P124 | I18: =H18-G18
B19: TECOMAXTLAHUACA | C19: =+'POR ALMACEN'!C135 | D19: =+'POR ALMACEN'!D135 | E19: =+'POR ALMACEN'!E135 | F19: =+'POR ALMACEN'!F135 | G19: 0 | H19: =+'POR ALMACEN'!P135 | I19: =H19-G19
B20: YANHUITLAN | C20: =+'POR ALMACEN'!C156 | D20: =+'POR ALMACEN'!D156 | E20: =+'POR ALMACEN'!E156 | F20: =+'POR ALMACEN'!F156 | G20: 0 | H20: =+'POR ALMACEN'!P156 | I20: =H20-G20
A22: SUCURSAL ISTMO-COSTA | J22: =SUM(I24:I33)
B24: MORRO MAZATAN | C24: =+'POR ALMACEN'!C174 | D24: =+'POR ALMACEN'!D174 | E24: =+'POR ALMACEN'!E174 | F24: =+'POR ALMACEN'!F174 | G24: 0 | H24: =+'POR ALMACEN'!P174 | I24: =H24-G24
B25: PALOMARES | C25: =+'POR ALMACEN'!C194 | D25: =+'POR ALMACEN'!D194 | E25: =+'POR ALMACEN'!E194 | F25: =+'POR ALMACEN'!F194 | G25: 0 | H25: =+'POR ALMACEN'!P194 | I25: =H25-G25
B26: SANTIAGO LAOLLAGA | C26: =+'POR ALMACEN'!C210 | D26: =+'POR ALMACEN'!D210 | E26: =+'POR ALMACEN'!E210 | F26: =+'POR ALMACEN'!F210 | G26: 0 | H26: =+'POR ALMACEN'!P210 | I26: =H26-G26
B27: SANTIAGO NILTEPEC | C27: =+'POR ALMACEN'!C242 | D27: =+'POR ALMACEN'!D242 | E27: =+'POR ALMACEN'!E242 | F27: =+'POR ALMACEN'!F242 | G27: 0 | H27: =+'POR ALMACEN'!P242 | I27: =H27-G27
B28: EL TOMATAL | C28: =+'POR ALMACEN'!C266 | D28: =+'POR ALMACEN'!D266 | E28: =+'POR ALMACEN'!E266 | F28: =+'POR ALMACEN'!F266 | G28: 0 | H28: =+'POR ALMACEN'!P266 | I28: =H28-G28
B29: SAN ANDRES HUAXPALTEPEC | C29: =+'POR ALMACEN'!C304 | D29: =+'POR ALMACEN'!D304 | E29: =+'POR ALMACEN'!E304 | F29: =+'POR ALMACEN'!F304 | G29: 0 | H29: =+'POR ALMACEN'!P304 | I29: =H29-G29
B30: SANTA MARIA HUATULCO | C30: =+'POR ALMACEN'!C323 | D30: =+'POR ALMACEN'!D323 | E30: =+'POR ALMACEN'!E323 | F30: =+'POR ALMACEN'!F323 | G30: 0 | H30: =+'POR ALMACEN'!P323 | I30: =H30-G30
B31: LA REFORMA YAUTEPEC | C31: =+'POR ALMACEN'!C339 | D31: =+'POR ALMACEN'!D339 | E31: =+'POR ALMACEN'!E339 | F31: =+'POR ALMACEN'!F339 | G31: 0 | H31: =+'POR ALMACEN'!P339 | I31: =H31-G31
B32: LOS IDEALES | C32: =+'POR ALMACEN'!C348 | D32: =+'POR ALMACEN'!D348 | E32: =+'POR ALMACEN'!E348 | F32: =+'POR ALMACEN'!F348 | G32: 0 | H32: =+'POR ALMACEN'!P348 | I32: =H32-G32
B33: PUEBLO NUEVO, TUX. | C33: =+'POR ALMACEN'!C368 | D33: =+'POR ALMACEN'!D368 | E33: =+'POR ALMACEN'!E368 | F33: =+'POR ALMACEN'!F368 | G33: 0 | H33: =+'POR ALMACEN'!P368 | I33: =H33-G33
A35: SUCURSAL V. CENTRAL | J35: =SUM(I37:I48)
B37: VALLES CENTRALES | C37: =+'POR ALMACEN'!C382 | D37: =+'POR ALMACEN'!D382 | E37: =+'POR ALMACEN'!E382 | F37: =+'POR ALMACEN'!F382 | G37: 0 | H37: =+'POR ALMACEN'!P382 | I37: =H37-G37
B38: SAN ANDRES HIDALGO | C38: =+'POR ALMACEN'!C395 | D38: =+'POR ALMACEN'!D395 | E38: =+'POR ALMACEN'!E395 | F38: =+'POR ALMACEN'!F395 | G38: 0 | H38: =+'POR ALMACEN'!P395 | I38: =H38-G38
B39: SAN JOSE DEL CHILAR | C39: =+'POR ALMACEN'!C408 | D39: =+'POR ALMACEN'!D408 | E39: =+'POR ALMACEN'!E408 | F39: =+'POR ALMACEN'!F408 | G39: 0 | H39: =+'POR ALMACEN'!P408 | I39: =H39-G39
B40: TEOTITLAN DE FLORES MAGON | C40: =+'POR ALMACEN'!C423 | D40: =+'POR ALMACEN'!D423 | E40: =+'POR ALMACEN'!E423 | F40: =+'POR ALMACEN'!F423 | G40: 0 | H40: =+'POR ALMACEN'!P423 | I40: =H40-G40
B41: AYUTLA MIXES | C41: =+'POR ALMACEN'!C436 | D41: =+'POR ALMACEN'!D436 | E41: =+'POR ALMACEN'!E436 | F41: =+'POR ALMACEN'!F436 | G41: 0 | H41: =+'POR ALMACEN'!P436 | I41: =H41-G41
B42: IXTLAN DE JUAREZ | C42: =+'POR ALMACEN'!C456 | D42: =+'POR ALMACEN'!D456 | E42: =+'POR ALMACEN'!E456 | F42: =+'POR ALMACEN'!F456 | G42: 0 | H42: =+'POR ALMACEN'!P456 | I42: =H42-G42
B43: MAGDALENA OCOTLAN | C43: =+'POR ALMACEN'!C470 | D43: =+'POR ALMACEN'!D470 | E43: =+'POR ALMACEN'!E470 | F43: =+'POR ALMACEN'!F470 | G43: 0 | H43: =+'POR ALMACEN'!P470 | I43: =H43-G43
B44: SANTO TOMAS TAMAZULAPAN | C44: =+'POR ALMACEN'!C490 | D44: =+'POR ALMACEN'!D490 | E44: =+'POR ALMACEN'!E490 | F44: =+'POR ALMACEN'!F490 | G44: 0 | H44: =+'POR ALMACEN'!P490 | I44: =H44-G44
B45: SAN PEDRO JUCHATENGO | C45: =+'POR ALMACEN'!C506 | D45: =+'POR ALMACEN'!D506 | E45: =+'POR ALMACEN'!E506 | F45: =+'POR ALMACEN'!F506 | G45: 0 | H45: =+'POR ALMACEN'!P506 | I45: =H45-G45
B46: SANTA MARIA LACHIXIO | C46: =+'POR ALMACEN'!C517 | D46: =+'POR ALMACEN'!D517 | E46: =+'POR ALMACEN'!E517 | F46: =+'POR ALMACEN'!F517 | G46: 0 | H46: =+'POR ALMACEN'!P517 | I46: =H46-G46
B47: MATATLAN | C47: =+'POR ALMACEN'!C528 | D47: =+'POR ALMACEN'!D528 | E47: =+'POR ALMACEN'!E528 | F47: =+'POR ALMACEN'!F528 | G47: 0 | H47: =+'POR ALMACEN'!P528 | I47: =H47-G47
B48: CUAJIMOLOYAS | C48: =+'POR ALMACEN'!C541 | D48: =+'POR ALMACEN'!D541 | E48: =+'POR ALMACEN'!E541 | F48: =+'POR ALMACEN'!F541 | G48: 0 | H48: =+'POR ALMACEN'!P541 | I48: =H48-G48
A50: SUCURSAL (SIN SUCURSAL) | J50: =SUM(I52:I53)
C52: =+'POR ALMACEN'!C551 | D52: =+'POR ALMACEN'!D551 | E52: =+'POR ALMACEN'!E551 | F52: =+'POR ALMACEN'!F551 | G52: 0 | H52: =+'POR ALMACEN'!P551 | I52: =H52-G52
B53: GUADALUPE ETLA | C53: =+'POR ALMACEN'!C644 | D53: =+'POR ALMACEN'!D644 | E53: =+'POR ALMACEN'!E644 | F53: =+'POR ALMACEN'!F644 | G53: 0 | H53: =+'POR ALMACEN'!P644 | I53: =H53-G53
